{
    "TransportData": [
    ],
    "NpcsTimers": [
    ],
    "FactionData": [
        {
            "Points": 2000,
            "Faction": 0
        }
    ],
    "BankData": [
    ],
    "ItemGiversList": [
    ],
    "QuestData": {
        "CompletedQuests": [
        ],
        "ActiveQuests": [
        ]
    },
    "PlayerCompanionId": 0,
    "DialogData": [
        {
            "Dialog": 4
        },
        {
            "Dialog": 5
        },
        {
            "Dialog": 6
        },
        {
            "Dialog": 7
        },
        {
            "Dialog": 8
        },
        {
            "Dialog": 9
        },
        {
            "Dialog": 10
        },
        {
            "Dialog": 11
        },
        {
            "Dialog": 12
        },
        {
            "Dialog": 13
        },
        {
            "Dialog": 14
        },
        {
            "Dialog": 15
        },
        {
            "Dialog": 16
        }
    ],
    "ItemGiverChained": [
    ],
    "MailData": [
    ],
    "PlayerName": "PechugaPollo",
    "UUID": "fb8b44e3-0699-35d0-940d-4eebbb09fa5b",
    "ScriptStoreddata": {
    }
}
