{"stat.useItem.minecraft.bow":35,"stat.useItem.minecraft.quartz_block":33,"stat.craftItem.iceandfire.armor_bronze_chestplate":1,"stat.mineBlock.iceandfire.chared_grass":3,"stat.drop.minecraft.gunpowder":4,"stat.pickup.tombstone.familiar_stone":2,"stat.useItem.zawa.bird_meat_cooked":2,"stat.drop.minecraft.enchanted_book":2,"stat.drop.iceandfire.dragon_flute":2,"stat.drop.minecraft.iron_sword":1,"stat.pickup.minecraft.rotten_flesh":169,"stat.useItem.chisel.marble":32,"stat.mineBlock.byg.mahogany_log":2,"stat.killEntity.Enderman":9,"stat.useItem.dynamictrees.dirtbucket":1,"stat.killEntity.betteranimalsplus.brownbear":1,"stat.craftItem.minecraft.iron_shovel":5,"stat.mineBlock.extrautils2.redorchid":1,"stat.pickup.minecraft.brown_mushroom":6,"stat.useItem.zawa.carnivore_meat_cooked":2,"stat.useItem.minecraft.iron_pickaxe":3609,"stat.pickup.securitycraft.universal_block_remover":9,"stat.pickup.minecraft.double_plant":4,"stat.pickup.dynamictrees.darkoakseed":10,"stat.craftItem.minecraft.glass_pane":336,"stat.mineBlock.chisel.marble2":547,"stat.mineBlock.chisel.marble1":17,"stat.furnaceInteraction":322,"stat.useItem.minecraft.golden_carrot":29,"stat.pickup.minecraft.nether_brick":114,"stat.pickup.zawa.large_meat_raw":6,"stat.pickup.byg.mahogany_log":8,"stat.craftItem.futuremc.dye":13,"stat.drop.zawa.large_meat_raw":1,"stat.pickup.mca.rose_gold_ore":18,"stat.mineBlock.minecraft.fence":7,"stat.useItem.minecraft.flint_and_steel":2,"stat.useItem.minecraft.wheat_seeds":50,"stat.useItem.iceandfire.chared_dirt":3,"stat.killEntity.betteranimalsplus.zotzpyre":2,"stat.pickup.byg.firlog":7,"stat.pickup.minecraft.emerald":18,"stat.craftItem.securitycraft.laser_block":3,"stat.pickup.dynamictrees.oakseed":60,"stat.deaths":21,"stat.pickup.minecraft.bowl":3,"stat.pickup.zawa.fur":4,"stat.pickup.minecraft.egg":1,"stat.drop.iceandfire.dragonbone_sword_fire":2,"stat.craftItem.minecraft.item_frame":4,"stat.craftItem.minecraft.iron_pickaxe":13,"stat.pickup.minecraft.glass_pane":19,"stat.pickup.minecraft.item_frame":2,"stat.fishCaught":13,"stat.craftItem.minecraft.cooked_mutton":7,"stat.pickup.minecraft.cooked_mutton":32,"stat.chestOpened":366,"stat.pickup.minecraft.iron_sword":2,"stat.pickup.securitycraft.keypad_frame":2,"stat.craftItem.minecraft.quartz_block":34,"stat.pickup.minecraft.gold_nugget":831,"stat.craftItem.dynamictrees.appleseed":1,"stat.useItem.tombstone.fishing_rod_of_misadventure":73,"stat.pickup.minecraft.carrot":1267,"stat.crouchOneCm":69223,"stat.pickup.minecraft.rail":2,"stat.craftItem.minecraft.iron_ingot":432,"stat.pickup.minecraft.ender_chest":4,"stat.craftingTableInteraction":313,"stat.pickup.securitycraft.keypad_chest":5,"stat.mineBlock.minecraft.log2":2,"stat.pickup.twilightforest.firefly_jar":1,"stat.pickup.minecraft.dye":263,"stat.pickup.minecraft.planks":149,"stat.pickup.chisel.limestone2":72,"stat.useItem.iceandfire.dragonbone_sword_fire":83,"stat.pickup.tombstone.scroll_of_knowledge":2,"stat.mineBlock.minecraft.ender_chest":4,"stat.pickup.securitycraft.reinforced_glass_block":14,"stat.drop.minecraft.rotten_flesh":24,"stat.craftItem.ironchest.iron_gold_chest_upgrade":1,"stat.useItem.ironfurnaces.iron_furnace_idle":2,"stat.useItem.dynamictrees.oakseed":5,"stat.drop.minecraft.iron_ore":3,"stat.pickup.iceandfire.dragonsteel_fire_leggings":1,"stat.pickup.minecraft.chicken":4,"stat.useItem.minecraft.glass_pane":119,"stat.mineBlock.twilightforest.firefly":6,"stat.drop.minecraft.fish":2,"stat.drop.dynamictrees.oakseed":2,"stat.craftItem.minecraft.bucket":1,"stat.craftItem.minecraft.planks":608,"stat.useItem.minecraft.iron_sword":176,"stat.useItem.securitycraft.universal_block_remover":53,"stat.pickup.minecraft.book":95,"stat.useItem.minecraft.stonebrick":4,"stat.pickup.minecraft.iron_door":5,"stat.drop.chisel.chisel_diamond":1,"stat.pickup.minecraft.tripwire_hook":1,"stat.mineBlock.minecraft.cobblestone":128,"stat.pickup.minecraft.stone_pickaxe":3,"stat.pickup.minecraft.flint":7,"stat.drop.minecraft.cobblestone":12,"stat.pickup.minecraft.cooked_porkchop":31,"stat.mineBlock.chisel.marble":3,"stat.pickup.forge.bucketfilled":2,"stat.pickup.minecraft.iron_boots":4,"stat.craftItem.minecraft.furnace":10,"stat.pickup.minecraft.map":1,"stat.craftItem.minecraft.iron_boots":1,"stat.mineBlock.minecraft.clay":61,"stat.pickup.minecraft.diamond_leggings":4,"stat.useItem.iceandfire.chared_stone":12,"stat.pickup.mowziesmobs.glowing_jelly":1,"stat.craftItem.minecraft.iron_block":6,"stat.craftItem.minecraft.stonebrick":12,"stat.pickup.securitycraft.keypad":6,"stat.drop.minecraft.wool":1,"stat.killEntity.Creeper":10,"stat.pickup.comforts.sleeping_bag":19,"stat.mineBlock.zawa.kelp":2,"stat.pickup.iceandfire.dragon_horn":2,"stat.pickup.tombstone.crafting_ingredient":38,"stat.entityKilledBy.Skeleton":1,"stat.pickup.zawa.reptile_meat_raw":3,"stat.sprintOneCm":2967369,"stat.killEntity.betteranimalsplus.pheasant":1,"stat.mineBlock.minecraft.stone_slab":17,"stat.useItem.tombstone.magic_scroll":6,"stat.pickup.extrautils2.passivegenerator":24,"stat.useItem.securitycraft.keypad_item":3,"stat.pickup.zawa.waste_bin":2,"stat.drop.tombstone.grave_key":1,"stat.pickup.iceandfire.silver_shovel":1,"stat.craftItem.minecraft.emerald":10,"stat.killEntity.Zombie":102,"stat.craftItem.minecraft.dye":107,"stat.mineBlock.minecraft.gold_ore":125,"stat.drop.minecraft.diamond_pickaxe":1,"stat.pickup.minecraft.wheat":63,"stat.craftItem.ironfurnaces.iron_furnace_idle":3,"stat.craftItem.minecraft.cooked_porkchop":1,"stat.pickup.minecraft.obsidian":44,"stat.pickup.minecraft.coal":675,"stat.pickup.minecraft.iron_ingot":571,"stat.drop.minecraft.diamond_sword":6,"stat.pickup.minecraft.gunpowder":23,"stat.pickup.iceandfire.chared_stone":62,"stat.pickup.minecraft.dirt":1845,"stat.pickup.tombstone.fishing_rod_of_misadventure":3,"stat.mineBlock.minecraft.lapis_ore":37,"stat.killEntity.camocreepers:CamoCreeper":10,"stat.pickup.minecraft.iron_axe":6,"stat.craftItem.futuremc.grindstone":1,"stat.brewingstandInteraction":1,"stat.mineBlock.minecraft.torch":155,"stat.mineBlock.minecraft.red_flower":10,"stat.tradedWithVillager":11,"stat.craftItem.minecraft.glowstone":2,"stat.pickup.chococraft.gysahl_green":19,"stat.drop.minecraft.wheat":2,"stat.pickup.minecraft.diamond_pickaxe":8,"stat.useItem.minecraft.lava_bucket":6,"stat.useItem.tombstone.gift":3,"stat.useItem.minecraft.item_frame":2,"stat.useItem.iceandfire.dragonsteel_fire_shovel":209,"stat.useItem.zawa.large_meat_cooked":3,"stat.mineBlock.byg.prairie_grass5":1,"stat.pickup.minecraft.cooked_beef":39,"stat.mineBlock.minecraft.farmland":3,"stat.mineBlock.byg.soapstone":10,"stat.mobKills":423,"stat.pickup.minecraft.diamond_boots":4,"stat.mineBlock.minecraft.bookshelf":16,"stat.pickup.minecraft.diamond":75,"stat.craftItem.mca.wedding_ring_rg":1,"stat.mineBlock.byg.pink_sand":40,"stat.mineBlock.byg.jacarandalog":10,"stat.useItem.minecraft.bookshelf":23,"stat.drop.securitycraft.reinforced_grass":1,"stat.killEntity.Blaze":10,"stat.drop.chisel.marble":1,"stat.drop.minecraft.shield":1,"stat.pickup.minecraft.golden_boots":2,"stat.pickup.minecraft.glowstone_dust":32,"stat.mineBlock.minecraft.nether_brick_fence":11,"stat.drop.minecraft.poisonous_potato":2,"stat.mineBlock.twilightforest.twilight_log":2,"stat.mineBlock.minecraft.sand":851,"stat.craftItem.iceandfire.dragonbone_sword_ice":1,"stat.drop.minecraft.diamond":6,"stat.useItem.dynamictrees.darkoakseed":4,"stat.trappedChestTriggered":13,"stat.drop.securitycraft.mine":12,"stat.useItem.minecraft.cooked_mutton":13,"stat.pickup.iceandfire.troll_tusk":1,"stat.pickup.minecraft.stone_stairs":5,"stat.pickup.minecraft.golden_carrot":11,"stat.craftItem.chisel.chisel_diamond":1,"stat.mineBlock.minecraft.soul_sand":1,"stat.pickup.ironchest.iron_chest":5,"stat.pickup.minecraft.blaze_rod":6,"stat.craftItem.securitycraft.keypad_item":5,"stat.drop.minecraft.chest":1,"stat.craftItem.byg.jacarandaplanks":36,"stat.pickup.minecraft.netherrack":383,"stat.useItem.minecraft.fish":2,"stat.pickup.securitycraft.door_indestructible_iron_item":9,"stat.pickup.chisel.marblepillar":1,"stat.mineBlock.minecraft.gold_block":1,"stat.craftItem.minecraft.iron_hoe":1,"stat.pickup.byg.tamrelitegem":4,"stat.useItem.minecraft.experience_bottle":1,"stat.drop.minecraft.stone":14,"stat.pickup.minecraft.melon_seeds":2,"stat.pickup.zawa.large_sea_urchin":1,"stat.pickup.minecraft.heavy_weighted_pressure_plate":2,"stat.useItem.securitycraft.reinforced_stone_button":6,"stat.pickup.zawa.reptile_meat_cooked":1,"stat.useItem.minecraft.furnace":8,"stat.pickup.iceandfire.dragonsteel_fire_shovel":1,"stat.drop.byg.pink_sand":4,"stat.pickup.minecraft.iron_leggings":4,"stat.mineBlock.minecraft.gravel":49,"stat.pickup.zawa.dried_bamboo":3,"stat.drop.minecraft.reeds":20,"stat.craftItem.minecraft.leather":8,"stat.drop.minecraft.iron_axe":1,"stat.useItem.minecraft.torch":516,"stat.pickup.minecraft.golden_apple":2,"stat.craftItem.minecraft.redstone_block":3,"stat.pickup.minecraft.crafting_table":23,"stat.useItem.minecraft.log":13,"stat.craftItem.minecraft.crafting_table":11,"stat.mineBlock.minecraft.emerald_ore":14,"stat.pickup.minecraft.compass":1,"stat.drop.minecraft.stonebrick":1,"stat.craftItem.minecraft.stone_button":53,"stat.drop.minecraft.planks":1,"stat.pickup.mca.rose_gold_ingot":2,"stat.pickup.minecraft.beetroot":2,"stat.mineBlock.iceandfire.goldpile":65,"stat.killEntity.WitherSkeleton":16,"stat.pickup.animania.block_straw":2,"stat.drop.comforts.sleeping_bag":3,"stat.pickup.minecraft.golden_sword":9,"stat.useItem.minecraft.baked_potato":163,"stat.pickup.minecraft.stone_slab":38,"stat.pickup.minecraft.yellow_flower":9,"stat.craftItem.minecraft.diamond_chestplate":1,"stat.pickup.minecraft.bone":139,"stat.horseOneCm":39722,"stat.drop.minecraft.tripwire_hook":1,"stat.drop.minecraft.red_mushroom":2,"stat.mineBlock.minecraft.acacia_fence":1,"stat.useItem.minecraft.diamond_sword":484,"stat.craftItem.minecraft.diamond_helmet":1,"stat.useItem.mowziesmobs.glowing_jelly":1,"stat.climbOneCm":20002,"stat.craftItem.chococraft.straw_nest":1,"stat.pickup.chisel.marble":3,"stat.enderchestOpened":18,"stat.pickup.zawa.bird_meat":1,"stat.craftItem.minecraft.stone_pickaxe":6,"stat.pickup.minecraft.cobblestone":3508,"stat.craftItem.minecraft.glass_bottle":6,"stat.useItem.minecraft.cooked_beef":26,"stat.pickup.minecraft.cactus":25,"stat.pickup.minecraft.redstone":232,"stat.mineBlock.minecraft.iron_ore":442,"stat.pickup.securitycraft.keypad_item":6,"stat.pickup.minecraft.mossy_cobblestone":3,"stat.drop.minecraft.coal":2,"stat.drop.minecraft.dirt":136,"stat.pickup.minecraft.iron_shovel":1,"stat.useItem.minecraft.cooked_porkchop":15,"stat.pickup.chococraft.chocobo_feather":3,"stat.mineBlock.minecraft.grass":360,"stat.drop.minecraft.compass":1,"stat.useItem.iceandfire.dragonsteel_fire_axe":17,"stat.mineBlock.zawa.mixed_coral_plates":1,"stat.pickup.minecraft.paper":117,"stat.craftItem.minecraft.stick":108,"stat.pickup.biomesoplenty.ash":106,"stat.craftItem.minecraft.gold_nugget":288,"stat.pickup.minecraft.grass":4,"stat.craftItem.globalxp.xp_block":1,"stat.pickup.iceandfire.dragonbone_sword_fire":3,"stat.pickup.minecraft.diamond_chestplate":8,"stat.mineBlock.minecraft.planks":73,"stat.drop":453,"stat.killEntity.Sheep":19,"stat.useItem.minecraft.melon_seeds":2,"stat.drop.minecraft.bread":2,"stat.pickup.iceandfire.dragonsteel_fire_axe":1,"stat.drop.minecraft.cooked_beef":1,"stat.pickup.twilightforest.torchberries":1,"stat.useItem.minecraft.potion":1,"stat.drop.twilightforest.mazebreaker_pickaxe":2,"stat.pickup.minecraft.fence":10,"stat.pickup.byg.scoria":68,"stat.craftItem.minecraft.iron_helmet":1,"stat.useItem.zawa.reptile_meat_cooked":1,"stat.pickup.zawa.carnivore_meat_cooked":2,"stat.boatOneCm":25997,"stat.craftItem.minecraft.flint_and_steel":1,"stat.mineBlock.minecraft.stone_stairs":6,"stat.craftItem.minecraft.iron_bars":16,"stat.mineBlock.minecraft.furnace":4,"stat.mineBlock.iceandfire.chared_cobblestone":1,"stat.drop.minecraft.water_bucket":1,"stat.drop.chococraft.gysahl_green":7,"stat.useItem.tombstone.grave_key":6,"stat.pickup.minecraft.oak_stairs":13,"stat.damageDealt":74288,"stat.craftItem.minecraft.anvil":1,"stat.mineBlock.minecraft.nether_brick_stairs":5,"stat.useItem.minecraft.crafting_table":2,"stat.mineBlock.iceandfire.chared_dirt":8,"stat.mineBlock.securitycraft.mine":9,"stat.pickup.dynamictrees.birchseed":16,"stat.pickup.minecraft.stick":260,"stat.craftItem.minecraft.diamond_boots":1,"stat.useItem.minecraft.cactus":3,"stat.killEntity.Chicken":9,"stat.drop.minecraft.crafting_table":1,"stat.mineBlock.minecraft.quartz_ore":94,"stat.drop.minecraft.filled_map":3,"stat.useItem.minecraft.golden_apple":1,"stat.mineBlock.minecraft.leaves":5,"stat.pickup.byg.pink_sand":227,"stat.drop.zawa.care_guide":1,"stat.drop.tombstone.scroll_of_knowledge":1,"stat.leaveGame":27,"stat.pickup.iceandfire.dragon_flute":2,"stat.useItem.minecraft.glowstone":1,"stat.mineBlock.minecraft.sandstone":43,"stat.useItem.securitycraft.mine":10,"stat.killEntity.PigZombie":26,"stat.pickup.zawa.worm":53,"stat.craftItem.minecraft.shield":2,"stat.drop.minecraft.feather":2,"stat.pickup.iceandfire.witherbone":10,"stat.pickup.iceandfire.chared_cobblestone":7,"stat.killEntity.Witch":3,"stat.drop.minecraft.sand":3,"stat.pickup.chisel.chisel_iron":1,"stat.drop.minecraft.gold_ingot":10,"stat.craftItem.iceandfire.silver_ingot":5,"stat.craftItem.minecraft.iron_door":3,"stat.useItem.minecraft.iron_shovel":1189,"stat.drop.minecraft.cooked_mutton":8,"stat.craftItem.minecraft.bed":2,"stat.pickup.zawa.golden_sparks":3,"stat.mineBlock.minecraft.vine":2,"stat.drop.minecraft.gravel":4,"stat.craftItem.chococraft.chocopedia":1,"stat.killEntity.ZombieVillager":7,"stat.pickup.iceandfire.manuscript":1,"stat.pickup.minecraft.beef":9,"stat.craftItem.zawa.bird_meat_cooked":2,"stat.pickup.securitycraft.reinforced_planks":1,"stat.pickup.minecraft.potion":2,"stat.pickup.tombstone.scroll_buff":2,"stat.pickup.securitycraft.universal_block_reinforcer_lvl1":10,"stat.useItem.minecraft.dye":42,"stat.useItem.minecraft.nether_brick":22,"stat.craftItem.craftingstation.crafting_station":1,"stat.pickup.zawa.care_guide":3,"stat.drop.minecraft.torch":1,"stat.pickup.chisel.marble1":13,"stat.pickup.chisel.marble2":728,"stat.mineBlock.minecraft.tallgrass":184,"stat.killEntity.betteranimalsplus.goose":2,"stat.useItem.minecraft.stone":280,"stat.pickup.minecraft.arrow":92,"stat.killEntity.Ghast":2,"stat.craftItem.vending.vendingmachine":1,"stat.drop.minecraft.iron_pickaxe":1,"stat.pickup.zawa.tiger_fur":7,"stat.pickup.chisel.basalt2":1,"stat.pickup.betteranimalsplus.bear_skin_brown":2,"stat.mineBlock.minecraft.chest":2,"stat.pickup.minecraft.nether_brick_fence":22,"stat.pickup.iceandfire.silver_ore":6,"stat.useItem.chisel.marble1":70,"stat.useItem.chisel.marble2":173,"stat.useItem.minecraft.reeds":13,"stat.mineBlock.caves_and_cliffs.copper_ore":3,"stat.pickup.minecraft.wheat_seeds":161,"stat.pickup.chisel.cobblestone":2,"stat.drop.iceandfire.witherbone":2,"stat.mineBlock.minecraft.glass":15,"stat.pickup.byg.jacarandaleaves":5,"stat.mineBlock.minecraft.dirt":683,"stat.pickup.minecraft.poisonous_potato":3,"stat.useItem.minecraft.bread":11,"stat.mineBlock.iceandfire.silver_ore":5,"stat.useItem.minecraft.cobblestone":916,"stat.mineBlock.minecraft.double_plant":11,"stat.pickup.minecraft.iron_pickaxe":10,"stat.drop.minecraft.carrot":41,"stat.craftItem.minecraft.gold_ingot":181,"stat.craftItem.chisel.chisel_iron":1,"stat.drop.iceandfire.dragonsteel_fire_axe":1,"stat.pickup.minecraft.apple":2,"stat.craftItem.securitycraft.door_indestructible_iron_item":3,"stat.drop.dynamictrees.darkoakseed":1,"stat.itemEnchanted":1,"stat.drop.tombstone.scroll_buff":2,"stat.mineBlock.minecraft.log":56,"stat.mineBlock.minecraft.heavy_weighted_pressure_plate":1,"stat.pickup.iceandfire.dragonbone":4,"stat.craftItem.minecraft.paper":198,"stat.pickup.minecraft.red_flower":10,"stat.pickup.minecraft.wool":53,"stat.mineBlock.chisel.marblepillar":1,"stat.pickup.minecraft.trapped_chest":2,"stat.craftItem.twilightforest.canopy_planks":8,"stat.craftItem.minecraft.diamond_leggings":1,"stat.useItem.minecraft.iron_axe":271,"stat.mineBlock.iceandfire.chared_stone":23,"stat.mineBlock.minecraft.yellow_flower":2,"stat.craftItem.tombstone.grave_key":1,"stat.useItem.minecraft.skull":13,"stat.craftItem.minecraft.wool":6,"stat.mineBlock.byg.purple_sand":8,"stat.pickup.minecraft.enchanted_book":7,"stat.useItem.securitycraft.dirt_mine":3,"stat.useItem.minecraft.obsidian":8,"stat.mineBlock.ironchest.iron_chest":5,"stat.pickup.minecraft.bow":4,"stat.mineBlock.chisel.cobblestone":2,"stat.mineBlock.byg.palm_log":6,"stat.useItem.minecraft.egg":1,"stat.pickup.minecraft.coal_ore":2,"stat.pickup.iceandfire.chain_link":4,"stat.craftItem.minecraft.cooked_beef":4,"stat.mineBlock.minecraft.obsidian":10,"stat.pickup.minecraft.shears":2,"stat.drop.biomesoplenty.fleshchunk":6,"stat.flyOneCm":3438022,"stat.pickup.minecraft.sandstone":55,"stat.pickup.minecraft.nether_brick_stairs":4,"stat.pickup.minecraft.fish":11,"stat.timeSinceDeath":119817,"stat.killEntity.Bat":4,"stat.mineBlock.twilightforest.firefly_jar":2,"stat.useItem.minecraft.potato":201,"stat.mineBlock.zawa.waste_bin":2,"stat.mineBlock.minecraft.enchanting_table":1,"stat.mineBlock.minecraft.coal_ore":557,"stat.pickup.byg.purple_sand":20,"stat.pickup.minecraft.shield":3,"stat.talkedToVillager":184,"stat.drop.minecraft.baked_potato":8,"stat.mineBlock.minecraft.red_mushroom_block":1,"stat.pickup.minecraft.string":50,"stat.mineBlock.minecraft.ladder":1,"stat.useItem.minecraft.milk_bucket":1,"stat.pickup.iceandfire.silver_axe":1,"stat.mineBlock.byg.tamreliteore":2,"stat.mineBlock.minecraft.diamond_ore":66,"stat.craftItem.chococraft.chocobo_saddle":1,"stat.useItem.iceandfire.silver_shovel":178,"stat.mineBlock.byg.light_blue_sand":35,"stat.useItem.minecraft.ladder":2,"stat.useItem.minecraft.diamond_ore":15,"stat.pickup.iceandfire.chared_dirt":20,"stat.diveOneCm":563177,"stat.pickup.securitycraft.reinforced_grass":1,"stat.drop.chococraft.chocobo_drumstick_raw":1,"stat.craftItem.minecraft.ladder":3,"stat.drop.minecraft.ladder":1,"stat.pickup.minecraft.stone_axe":1,"stat.mineBlock.chisel.diorite":1,"stat.useItem.minecraft.rotten_flesh":3,"stat.craftItem.zawa.animal_net":3,"stat.craftItem.minecraft.diamond_sword":1,"stat.drop.minecraft.sandstone":1,"stat.jump":25735,"stat.useItem.minecraft.sand":24,"stat.craftItem.minecraft.torch":400,"stat.craftItem.comforts.sleeping_bag":2,"stat.useItem.minecraft.glass":334,"stat.pickup.minecraft.gold_ore":130,"stat.mineBlock.minecraft.glass_pane":10,"stat.damageTaken":-2147457649,"stat.pickup.twilightforest.firefly":4,"stat.pickup.minecraft.log2":7,"stat.craftItem.securitycraft.keypad_frame":2,"stat.pickup.minecraft.bed":7,"stat.pickup.minecraft.quartz_block":20,"stat.pickup.minecraft.acacia_fence":1,"stat.useItem.chisel.glass":127,"stat.pickup.minecraft.potato":414,"stat.useItem.forge.bucketfilled":52,"stat.pickup.iceandfire.chared_grass":11,"stat.killEntity.Silverfish":12,"stat.craftItem.minecraft.stone_slab":108,"stat.useItem.minecraft.air":562,"stat.craftItem.securitycraft.universal_block_reinforcer_lvl1":3,"stat.animalsBred":2,"stat.useItem.minecraft.chest":3,"stat.killEntity.betteranimalsplus.feralwolf":1,"stat.drop.iceandfire.chared_dirt":15,"stat.pickup.wolfarmor.gold_wolf_armor":1,"stat.craftItem.minecraft.iron_chestplate":1,"stat.pickup.minecraft.baked_potato":205,"stat.killEntity.if_troll":1,"stat.pickup.caves_and_cliffs.copper_ore":1,"stat.pickup.minecraft.ender_pearl":5,"stat.pickup.minecraft.ladder":1,"stat.useItem.minecraft.netherrack":20,"stat.mineBlock.minecraft.tnt":1,"stat.craftItem.minecraft.bookshelf":28,"stat.mineBlock.minecraft.stonebrick":28,"stat.mineBlock.minecraft.glowstone":13,"stat.craftItem.minecraft.shears":1,"stat.drop.props.props":4,"stat.pickup.securitycraft.reinforced_stone_button":79,"stat.pickup.props.props":24,"stat.pickup.minecraft.iron_horse_armor":4,"stat.pickup.minecraft.torch":513,"stat.entityKilledBy.Silverfish":2,"stat.useItem.chisel.glasspane":103,"stat.craftItem.minecraft.iron_axe":3,"stat.useItem.minecraft.planks":266,"stat.drop.chococraft.chocobo_feather":1,"stat.useItem.tombstone.familiar_stone":1,"stat.pickup.minecraft.porkchop":74,"stat.pickup.minecraft.glass":55,"stat.pickup.byg.light_blue_sand":157,"stat.useItem.minecraft.water_bucket":259,"stat.pickup.minecraft.sand":1254,"stat.pickup.iceandfire.troll_leather_forest":4,"stat.pickup.minecraft.name_tag":3,"stat.pickup.byg.iris":1,"stat.pickup.dynamictrees.spruceseed":2,"stat.entityKilledBy.firedragon":1,"stat.mineBlock.byg.scoria":39,"stat.mineBlock.biomesoplenty.ash_block":27,"stat.pickup.byg.jacarandaplanks":32,"stat.drop.minecraft.golden_sword":1,"stat.killEntity.twilightforest.skeleton_druid":1,"stat.useItem.iceandfire.dragonbone_sword_ice":17,"stat.useItem.minecraft.oak_stairs":6,"stat.craftItem.minecraft.golden_carrot":35,"stat.entityKilledBy.if_troll":1,"stat.drop.twilightforest.fiery_sword":3,"stat.pickup.iceandfire.dragon_skull":6,"stat.pickup.minecraft.filled_map":5,"stat.pickup.minecraft.furnace":8,"stat.drop.mca.baby_boy":3,"stat.pickup.minecraft.iron_chestplate":5,"stat.pickup.minecraft.skull":24,"stat.useItem.minecraft.stone_stairs":1,"stat.pickup.tombstone.magic_scroll":18,"stat.mineBlock.extrautils2.passivegenerator":1,"stat.mineBlock.iceandfire.ash":1,"stat.mineBlock.chococraft.chocobo_egg":3,"stat.craftItem.ironchest.iron_chest":2,"stat.mineBlock.zawa.river_stone":1,"stat.craftItem.minecraft.heavy_weighted_pressure_plate":5,"stat.useItem.tombstone.scroll_of_knowledge":3,"stat.mineBlock.minecraft.oak_stairs":7,"stat.pickup.zawa.small_sea_anemone":1,"stat.mineBlock.iceandfire.chared_gravel":4,"stat.drop.minecraft.golden_carrot":5,"stat.playOneMinute":2100903,"stat.pickup.byg.jacarandalog":36,"stat.drop.securitycraft.universal_block_reinforcer_lvl1":1,"stat.pickup.minecraft.iron_bars":4,"stat.pickup.minecraft.dispenser":1,"stat.mineBlock.minecraft.netherrack":631,"stat.mineBlock.minecraft.dispenser":1,"stat.mineBlock.byg.jacarandaleaves":15,"stat.craftItem.iceandfire.dragonbone_sword":1,"stat.craftItem.iceandfire.silver_axe":1,"stat.pickup.minecraft.cooked_chicken":2,"stat.fallOneCm":563326,"stat.craftItem.minecraft.chest":10,"stat.pickup.minecraft.red_mushroom":4,"stat.useItem.minecraft.iron_hoe":87,"stat.pickup.chococraft.chocobo_egg":2,"stat.pickup.minecraft.feather":11,"stat.mineBlock.zawa.small_sea_anemone":1,"stat.craftItem.dynamictrees.dirtbucket":1,"stat.craftItem.mca.rose_gold_ingot":13,"stat.useItem.iceandfire.silver_axe":97,"stat.pickup.zawa.kelp":13,"stat.useItem.minecraft.stone_pickaxe":639,"stat.craftItem.minecraft.iron_leggings":1,"stat.pickup.securitycraft.dirt_mine":2,"stat.craftItem.securitycraft.dirt_mine":3,"stat.drop.minecraft.stick":1,"stat.mineBlock.minecraft.monster_egg":10,"stat.drop.tombstone.crafting_ingredient":5,"stat.useItem.ironchest.iron_chest":2,"stat.drop.mca.rose_gold_ingot":2,"stat.killEntity.LavaSlime":3,"stat.pickup.minecraft.log":277,"stat.craftItem.zawa.large_meat_cooked":3,"stat.pickup.minecraft.wooden_door":1,"stat.useItem.twilightforest.mazebreaker_pickaxe":624,"stat.pickup.minecraft.diamond_helmet":3,"stat.craftItem.props.props":1,"stat.drop.securitycraft.universal_block_remover":5,"stat.drop.iceandfire.dragon_horn":1,"stat.craftItem.minecraft.golden_boots":1,"stat.sneakTime":31077,"stat.mineBlock.minecraft.cobblestone_wall":2,"stat.entityKilledBy.Blaze":1,"stat.pickup.minecraft.chest":3,"stat.craftItem.minecraft.enchanting_table":1,"stat.craftItem.minecraft.iron_trapdoor":2,"stat.pickup.twilightforest.fiery_sword":9,"stat.swimOneCm":526560,"stat.useItem.byg.light_blue_sand":14,"stat.craftItem.securitycraft.mine":12,"stat.mineBlock.minecraft.spruce_stairs":1,"stat.pickup.chococraft.chocobo_drumstick_raw":3,"stat.drop.minecraft.brown_mushroom":1,"stat.killEntity.betteranimalsplus.boar":6,"stat.useItem.minecraft.dirt":653,"stat.pickup.zawa.carnivore_meat_raw":1,"stat.pickup.minecraft.enchanting_table":1,"stat.mineBlock.zawa.dried_bamboo":1,"stat.mineBlock.minecraft.magma":1,"stat.pickup.minecraft.gold_block":1,"stat.mineBlock.chisel.limestone2":46,"stat.pickup.minecraft.glass_bottle":3,"stat.craftItem.zawa.waste_bin":1,"stat.drop.minecraft.wheat_seeds":1,"stat.useItem.securitycraft.door_indestructible_iron_item":2,"stat.pickup.twilightforest.mazebreaker_pickaxe":3,"stat.pickup.minecraft.mutton":7,"stat.mineBlock.zawa.large_sea_urchin":1,"stat.pickup.chisel.chisel_diamond":1,"stat.pickup.minecraft.stonebrick":7,"stat.mineBlock.minecraft.nether_brick":59,"stat.drop.caves_and_cliffs.copper_ore":1,"stat.useItem.minecraft.stone_slab":117,"stat.craftItem.iceandfire.silver_shovel":1,"stat.craftItem.minecraft.stone":336,"stat.mineBlock.minecraft.crafting_table":17,"stat.useItem.minecraft.diamond_pickaxe":2459,"stat.mineBlock.minecraft.quartz_block":20,"stat.useItem.minecraft.carrot":614,"stat.drop.tombstone.fishing_rod_of_misadventure":2,"stat.drop.zawa.golden_sparks":1,"stat.pickup.securitycraft.mine":13,"stat.pickup.minecraft.stone_button":1,"stat.useItem.iceandfire.chared_cobblestone":1,"stat.craftItem.minecraft.diamond_pickaxe":2,"stat.mineBlock.byg.firlog":7,"stat.craftItem.minecraft.clay":61,"stat.pickup.ironchest.iron_gold_chest_upgrade":1,"stat.pickup.minecraft.gravel":146,"stat.useItem.minecraft.glass_bottle":1,"stat.useItem.twilightforest.fiery_sword":614,"stat.drop.minecraft.cooked_porkchop":2,"stat.pickup.minecraft.diamond_sword":6,"stat.pickup.minecraft.iron_helmet":12,"stat.craftItem.minecraft.bread":12,"stat.pickup.minecraft.spider_eye":4,"stat.mineBlock.animania.block_straw":2,"stat.pickup.minecraft.diamond_ore":19,"stat.useItem.minecraft.cooked_chicken":1,"stat.pickup.minecraft.iron_ore":540,"stat.drop.iceandfire.chared_grass":1,"stat.mineBlock.mca.rose_gold_ore":22,"stat.mineBlock.minecraft.iron_bars":2,"stat.drop.zawa.worm":5,"stat.pickup.minecraft.leather":25,"stat.dispenserInspected":1,"stat.pickup.vending.vendingmachine":2,"stat.pickup.minecraft.reeds":353,"tombstone:undead_killed":208,"stat.craftItem.minecraft.glass":689,"stat.sleepInBed":40,"stat.pickup.twilightforest.twilight_log":2,"stat.craftItem.minecraft.baked_potato":153,"stat.killEntity.Cow":11,"stat.killEntity.Pig":11,"stat.craftItem.minecraft.iron_sword":2,"stat.walkOneCm":6948959,"stat.playerKills":1,"stat.pickup.minecraft.clay_ball":252,"stat.mineBlock.minecraft.trapped_chest":1,"stat.mineBlock.chisel.basalt2":53,"stat.mineBlock.zawa.golden_sparks":1,"stat.pickup.minecraft.stone":782,"stat.pickup.biomesoplenty.fleshchunk":40,"stat.mineBlock.minecraft.wool":3,"stat.drop.minecraft.emerald":2,"stat.craftItem.minecraft.hay_block":1,"stat.pickup.minecraft.gold_ingot":114,"stat.killEntity.Skeleton":56,"stat.craftItem.animania.block_straw":1,"stat.mineBlock.minecraft.cactus":15,"stat.pickup.byg.palm_log":20,"stat.killEntity.Spider":19,"stat.pickup.minecraft.bread":1,"stat.mineBlock.biomesoplenty.flesh":25,"stat.pickup.minecraft.quartz":157,"stat.pickup.minecraft.water_bucket":4,"stat.pickup.minecraft.spruce_stairs":2,"stat.mineBlock.minecraft.redstone_ore":1,"stat.pickup.minecraft.lava_bucket":2,"stat.craftItem.minecraft.coal_block":11,"stat.drop.minecraft.beef":1,"stat.mineBlock.minecraft.stone":3843,"stat.useItem.minecraft.sandstone":4}