{"stat.useItem.minecraft.bow":27,"stat.leaveGame":33,"stat.pickup.betteranimalsplus.goose_egg":3,"stat.mineBlock.minecraft.sandstone":29,"stat.killEntity.PigZombie":5,"stat.drop.minecraft.enchanted_book":1,"stat.pickup.zawa.worm":50,"stat.craftItem.minecraft.shield":3,"stat.mineBlock.minecraft.web":6,"stat.pickup.minecraft.rotten_flesh":72,"stat.craftItem.minecraft.stone_axe":3,"stat.pickup.iceandfire.witherbone":1,"stat.pickup.iceandfire.chared_cobblestone":7,"stat.killEntity.Enderman":3,"stat.craftItem.minecraft.iron_shovel":8,"stat.pickup.minecraft.brown_mushroom":12,"stat.drop.minecraft.sand":2,"stat.drop.minecraft.gold_ingot":2,"stat.useItem.minecraft.iron_pickaxe":4535,"stat.pickup.securitycraft.universal_block_remover":5,"stat.craftItem.minecraft.wooden_pickaxe":1,"stat.craftItem.minecraft.iron_door":9,"stat.useItem.minecraft.iron_shovel":1696,"stat.pickup.minecraft.double_plant":7,"stat.pickup.dynamictrees.darkoakseed":3,"stat.craftItem.minecraft.bed":1,"stat.craftItem.minecraft.glass_pane":32,"stat.pickup.zawa.golden_sparks":1,"stat.mineBlock.chisel.marble2":424,"stat.mineBlock.minecraft.vine":3,"stat.furnaceInteraction":322,"stat.drop.minecraft.gravel":2,"stat.useItem.minecraft.golden_carrot":4,"stat.mineBlock.minecraft.rail":2,"stat.killEntity.ZombieVillager":3,"stat.pickup.minecraft.nether_brick":29,"stat.drop.securitycraft.door_indestructible_iron_item":1,"stat.useItem.minecraft.double_plant":4,"stat.useItem.minecraft.trapdoor":1,"stat.useItem.minecraft.fence":15,"stat.pickup.mca.rose_gold_ore":5,"stat.pickup.tombstone.gift":1,"stat.pickup.securitycraft.reinforced_planks":4,"stat.mineBlock.minecraft.fence":14,"stat.useItem.minecraft.flint_and_steel":11,"stat.craftItem.securitycraft.laser_block":3,"stat.pickup.minecraft.emerald":2,"stat.pickup.dynamictrees.oakseed":195,"stat.pickup.securitycraft.universal_block_reinforcer_lvl1":2,"stat.useItem.minecraft.dye":26,"stat.pickup.minecraft.lever":1,"stat.deaths":27,"stat.pickup.securitycraft.reinforced_dirt":91,"stat.useItem.minecraft.nether_brick":14,"stat.craftItem.minecraft.iron_pickaxe":19,"stat.pickup.zawa.care_guide":6,"stat.pickup.chisel.marble2":633,"stat.mineBlock.minecraft.tallgrass":145,"stat.craftItem.minecraft.cooked_mutton":9,"stat.chestOpened":395,"stat.craftItem.minecraft.sign":3,"stat.useItem.minecraft.stone":72,"stat.pickup.minecraft.arrow":68,"stat.pickup.minecraft.gold_nugget":3,"stat.drop.minecraft.iron_pickaxe":5,"stat.pickup.chisel.basalt2":17,"stat.pickup.minecraft.carrot":523,"stat.crouchOneCm":9503,"stat.mineBlock.minecraft.chest":25,"stat.pickup.minecraft.rail":2,"stat.craftItem.minecraft.iron_ingot":275,"stat.craftingTableInteraction":251,"stat.pickup.minecraft.nether_brick_fence":30,"stat.useItem.chisel.marble2":345,"stat.pickup.minecraft.dye":289,"stat.pickup.minecraft.planks":557,"stat.pickup.chisel.limestone2":496,"stat.craftItem.minecraft.diamond_shovel":1,"stat.pickup.minecraft.wheat_seeds":102,"stat.mineBlock.minecraft.glass":55,"stat.mineBlock.minecraft.ender_chest":1,"stat.mineBlock.minecraft.dirt":756,"stat.pickup.minecraft.poisonous_potato":1,"stat.pickup.securitycraft.reinforced_glass_block":1,"stat.useItem.minecraft.bread":20,"stat.drop.minecraft.rotten_flesh":8,"stat.useItem.minecraft.cobblestone":1719,"stat.pickup.minecraft.magma":1,"stat.useItem.minecraft.gravel":5,"stat.mineBlock.minecraft.double_plant":42,"stat.useItem.dynamictrees.oakseed":45,"stat.useItem.minecraft.golden_hoe":32,"stat.pickup.securitycraft.reinforced_stone":1,"stat.pickup.minecraft.iron_pickaxe":16,"stat.mineBlock.globalxp.xp_block":3,"stat.drop.minecraft.carrot":2,"stat.craftItem.minecraft.gold_ingot":29,"stat.pickup.minecraft.apple":29,"stat.useItem.minecraft.glass_pane":1,"stat.craftItem.securitycraft.door_indestructible_iron_item":7,"stat.mineBlock.twilightforest.firefly":1,"stat.drop.dynamictrees.oakseed":9,"stat.craftItem.minecraft.planks":976,"stat.useItem.securitycraft.universal_block_remover":163,"stat.useItem.betteranimalsplus.goose_egg":2,"stat.pickup.minecraft.book":27,"stat.mineBlock.minecraft.log":6,"stat.craftItem.minecraft.wooden_door":15,"stat.useItem.minecraft.wooden_door":14,"stat.pickup.minecraft.iron_door":11,"stat.pickup.minecraft.wool":11,"stat.useItem.minecraft.wooden_axe":2,"stat.pickup.minecraft.trapped_chest":2,"stat.pickup.minecraft.bookshelf":1,"stat.useItem.minecraft.iron_axe":683,"stat.mineBlock.minecraft.cobblestone":225,"stat.pickup.minecraft.stone_pickaxe":5,"stat.pickup.minecraft.flint":8,"stat.mineBlock.minecraft.yellow_flower":5,"stat.mineBlock.iceandfire.chared_stone":3,"stat.craftItem.tombstone.grave_key":10,"stat.pickup.minecraft.enchanted_book":2,"stat.drop.minecraft.cobblestone":27,"stat.pickup.minecraft.cooked_porkchop":31,"stat.craftItem.minecraft.arrow":66,"stat.useItem.minecraft.obsidian":4,"stat.pickup.minecraft.bow":1,"stat.pickup.minecraft.iron_boots":4,"stat.craftItem.minecraft.furnace":21,"stat.craftItem.minecraft.iron_boots":1,"stat.mineBlock.minecraft.obsidian":4,"stat.drop.biomesoplenty.fleshchunk":3,"stat.craftItem.minecraft.bow":1,"stat.mineBlock.minecraft.clay":5,"stat.pickup.minecraft.diamond_leggings":1,"stat.flyOneCm":2259440,"stat.pickup.minecraft.sandstone":26,"stat.useItem.iceandfire.chared_stone":1,"stat.timeSinceDeath":101091,"stat.useItem.minecraft.iron_door":9,"stat.craftItem.minecraft.iron_block":3,"stat.killEntity.Bat":1,"stat.craftItem.minecraft.stonebrick":9,"stat.mineBlock.minecraft.enchanting_table":1,"stat.mineBlock.minecraft.coal_ore":226,"stat.pickup.minecraft.shield":5,"stat.killEntity.Creeper":1,"stat.craftItem.minecraft.stone_hoe":1,"stat.talkedToVillager":16,"stat.pickup.minecraft.string":9,"stat.pickup.comforts.sleeping_bag":9,"stat.mineBlock.zawa.kelp":2,"stat.pickup.tombstone.crafting_ingredient":16,"stat.entityKilledBy.Skeleton":3,"stat.drop.minecraft.oak_stairs":1,"stat.sprintOneCm":2406422,"stat.useItem.minecraft.diamond_shovel":424,"stat.craftItem.minecraft.wooden_axe":1,"stat.useItem.tombstone.magic_scroll":1,"stat.mineBlock.minecraft.diamond_ore":19,"stat.drop.minecraft.lava_bucket":1,"stat.drop.tombstone.grave_key":2,"stat.pickup.tombstone.grave_key":3,"stat.drop.zawa.large_sea_anemone":1,"stat.killEntity.Zombie":45,"stat.craftItem.minecraft.dye":42,"stat.pickup.minecraft.snowball":2,"stat.mineBlock.minecraft.gold_ore":30,"stat.diveOneCm":452093,"stat.drop.minecraft.diamond_pickaxe":1,"stat.pickup.minecraft.wheat":40,"stat.pickup.securitycraft.reinforced_grass":5,"stat.mineBlock.connectedglass.clear_glass":4,"stat.pickup.minecraft.sign":5,"stat.mineBlock.minecraft.stone_button":13,"stat.craftItem.minecraft.cooked_porkchop":14,"stat.pickup.minecraft.stone_axe":7,"stat.pickup.minecraft.obsidian":13,"stat.drop.minecraft.apple":5,"stat.craftItem.minecraft.diamond_sword":1,"stat.drop.minecraft.sandstone":1,"stat.jump":23947,"stat.useItem.minecraft.sand":133,"stat.pickup.minecraft.coal":554,"stat.pickup.minecraft.iron_ingot":166,"stat.drop.minecraft.diamond_sword":6,"stat.pickup.minecraft.gunpowder":10,"stat.pickup.iceandfire.chared_stone":2,"stat.craftItem.minecraft.torch":236,"stat.pickup.minecraft.dirt":2131,"stat.drop.minecraft.iron_shovel":2,"stat.craftItem.comforts.sleeping_bag":1,"stat.useItem.minecraft.glass":355,"stat.pickup.minecraft.gold_ore":33,"stat.mineBlock.minecraft.lapis_ore":26,"stat.killEntity.camocreepers:CamoCreeper":3,"stat.pickup.minecraft.iron_axe":7,"stat.mineBlock.minecraft.glass_pane":3,"stat.damageTaken":18127,"stat.pickup.twilightforest.firefly":1,"stat.mineBlock.minecraft.torch":104,"stat.pickup.minecraft.written_book":1,"stat.mineBlock.minecraft.red_flower":2,"stat.tradedWithVillager":6,"stat.pickup.minecraft.bed":35,"stat.mineBlock.minecraft.fence_gate":4,"stat.entityKilledBy.Zombie":2,"stat.craftItem.minecraft.stone_slab":6,"stat.useItem.minecraft.air":433,"stat.craftItem.securitycraft.universal_block_reinforcer_lvl1":3,"stat.useItem.minecraft.chest":17,"stat.drop.minecraft.wheat":1,"stat.pickup.minecraft.diamond_pickaxe":4,"stat.useItem.minecraft.lava_bucket":1,"stat.drop.minecraft.netherrack":4,"stat.useItem.tombstone.gift":2,"stat.craftItem.minecraft.iron_chestplate":2,"stat.pickup.minecraft.baked_potato":137,"stat.killEntity.if_troll":1,"stat.useItem.securitycraft.reinforced_grass":1,"stat.useItem.minecraft.netherrack":123,"stat.craftItem.minecraft.bookshelf":12,"stat.mineBlock.minecraft.stonebrick":2,"stat.killEntity.twilightforest.bighorn_sheep":6,"stat.mineBlock.minecraft.glowstone":8,"stat.mobKills":135,"stat.drop.tombstone.magic_scroll":1,"stat.mineBlock.minecraft.bookshelf":2,"stat.craftItem.minecraft.shears":1,"stat.pickup.securitycraft.reinforced_stone_button":33,"stat.useItem.minecraft.boat":2,"stat.pickup.minecraft.diamond":33,"stat.pickup.minecraft.torch":143,"stat.drop.minecraft.diamond_shovel":1,"stat.drop.minecraft.stone_axe":2,"stat.drop.minecraft.arrow":1,"stat.useItem.minecraft.bookshelf":8,"stat.craftItem.minecraft.iron_axe":5,"stat.mineBlock.twilightforest.twilight_plant":33,"stat.killEntity.Blaze":6,"stat.drop.minecraft.shield":3,"stat.useItem.minecraft.planks":743,"stat.pickup.minecraft.glowstone_dust":12,"stat.pickup.minecraft.porkchop":25,"stat.drop.minecraft.wooden_door":1,"stat.useItem.minecraft.water_bucket":33,"stat.mineBlock.minecraft.nether_brick_fence":3,"stat.drop.minecraft.poisonous_potato":1,"stat.pickup.minecraft.sand":595,"stat.pickup.dynamictrees.spruceseed":4,"stat.mineBlock.minecraft.sand":542,"stat.pickup.securitycraft.reinforced_cobblestone":4,"stat.killEntity.twilightforest.kobold":5,"stat.drop.dynamictrees.spruceseed":4,"stat.trappedChestTriggered":3,"stat.useItem.minecraft.oak_stairs":49,"stat.pickup.minecraft.fence_gate":4,"stat.pickup.minecraft.filled_map":1,"stat.pickup.minecraft.furnace":16,"stat.useItem.minecraft.cooked_mutton":9,"stat.pickup.minecraft.iron_chestplate":4,"stat.useItem.minecraft.stone_stairs":35,"stat.pickup.tombstone.magic_scroll":6,"stat.drop.minecraft.pumpkin_seeds":1,"stat.pickup.minecraft.stone_stairs":9,"stat.craftItem.minecraft.fence_gate":1,"stat.pickup.minecraft.pumpkin_seeds":2,"stat.pickup.minecraft.golden_carrot":4,"stat.craftItem.minecraft.heavy_weighted_pressure_plate":2,"stat.mineBlock.minecraft.oak_stairs":34,"stat.playOneMinute":1481701,"stat.pickup.minecraft.blaze_rod":2,"stat.drop.minecraft.string":1,"stat.craftItem.securitycraft.keypad_item":2,"stat.pickup.minecraft.netherrack":192,"stat.mineBlock.minecraft.netherrack":142,"stat.pickup.securitycraft.door_indestructible_iron_item":13,"stat.mineBlock.minecraft.ice":9,"stat.drop.minecraft.flint":1,"stat.craftItem.minecraft.iron_hoe":1,"stat.fallOneCm":332908,"stat.drop.minecraft.stone":2,"stat.drop.minecraft.dye":1,"stat.craftItem.minecraft.chest":6,"stat.pickup.minecraft.red_mushroom":3,"stat.useItem.minecraft.iron_hoe":37,"stat.useItem.securitycraft.reinforced_stone_button":8,"stat.pickup.minecraft.feather":2,"stat.useItem.securitycraft.reinforced_dirt":44,"stat.drop.minecraft.bone":3,"stat.useItem.minecraft.furnace":20,"stat.pickup.zawa.kelp":5,"stat.pickup.minecraft.iron_leggings":3,"stat.mineBlock.minecraft.gravel":92,"stat.useItem.minecraft.stone_pickaxe":456,"stat.craftItem.minecraft.iron_leggings":2,"stat.pickup.zawa.dried_bamboo":2,"stat.useItem.minecraft.wool":1,"stat.craftItem.minecraft.oak_stairs":20,"stat.drop.minecraft.reeds":9,"stat.drop.minecraft.stick":3,"stat.drop.minecraft.iron_axe":2,"stat.pickup.minecraft.flint_and_steel":1,"stat.useItem.minecraft.torch":277,"stat.drop.tombstone.crafting_ingredient":4,"stat.craftItem.minecraft.redstone_block":4,"stat.craftItem.minecraft.stone_stairs":36,"stat.pickup.minecraft.crafting_table":19,"stat.useItem.minecraft.log":2,"stat.craftItem.minecraft.crafting_table":4,"stat.craftItem.minecraft.boat":2,"stat.pickup.minecraft.log":263,"stat.pickup.zawa.large_sea_anemone":1,"stat.craftItem.minecraft.stone_button":26,"stat.drop.minecraft.planks":6,"stat.pickup.minecraft.web":2,"stat.pickup.minecraft.wooden_door":17,"stat.mineBlock.iceandfire.goldpile":1,"stat.pickup.minecraft.diamond_helmet":4,"stat.killEntity.WitherSkeleton":2,"stat.drop.securitycraft.universal_block_remover":3,"stat.pickup.animania.block_straw":1,"stat.pickup.minecraft.golden_sword":1,"stat.useItem.minecraft.stone_hoe":30,"stat.sneakTime":3401,"stat.useItem.minecraft.baked_potato":102,"stat.drop.minecraft.yellow_flower":1,"stat.pickup.minecraft.stone_slab":1,"stat.pickup.minecraft.yellow_flower":10,"stat.pickup.minecraft.chest":25,"stat.drop.minecraft.stone_pickaxe":2,"stat.pickup.minecraft.bone":46,"stat.horseOneCm":28753,"stat.drop.minecraft.red_mushroom":1,"stat.mineBlock.minecraft.brown_mushroom":7,"stat.useItem.minecraft.diamond_sword":888,"stat.craftItem.minecraft.diamond_helmet":1,"stat.swimOneCm":298129,"stat.climbOneCm":10411,"stat.drop.chisel.limestone2":2,"stat.drop.minecraft.brown_mushroom":1,"stat.enderchestOpened":4,"stat.useItem.minecraft.dirt":1370,"stat.killEntity.betteranimalsplus.boar":2,"stat.pickup.minecraft.enchanting_table":1,"stat.pickup.minecraft.anvil":3,"stat.mineBlock.zawa.dried_bamboo":1,"stat.craftItem.minecraft.trapdoor":2,"stat.craftItem.minecraft.stone_pickaxe":4,"stat.mineBlock.minecraft.magma":3,"stat.pickup.minecraft.cobblestone":5791,"stat.mineBlock.chisel.limestone2":247,"stat.useItem.minecraft.stone_shovel":132,"stat.useItem.chisel.limestone2":165,"stat.drop.minecraft.wheat_seeds":3,"stat.useItem.securitycraft.door_indestructible_iron_item":6,"stat.pickup.minecraft.redstone":495,"stat.mineBlock.minecraft.iron_ore":205,"stat.useItem.minecraft.sign":6,"stat.pickup.twilightforest.mazebreaker_pickaxe":1,"stat.pickup.minecraft.mutton":9,"stat.drop.minecraft.name_tag":1,"stat.pickup.minecraft.mossy_cobblestone":1,"stat.drop.minecraft.dirt":22,"stat.pickup.minecraft.iron_shovel":10,"stat.useItem.minecraft.cooked_porkchop":26,"stat.pickup.minecraft.trapdoor":5,"stat.pickup.minecraft.diamond_shovel":2,"stat.pickup.twilightforest.ice_bomb":6,"stat.mineBlock.minecraft.nether_brick":29,"stat.pickup.securitycraft.reinforced_bookshelf":10,"stat.mineBlock.minecraft.grass":920,"stat.pickup.zawa.blubber":7,"stat.craftItem.minecraft.stick":76,"stat.craftItem.minecraft.stone":141,"stat.pickup.minecraft.grass":1,"stat.mineBlock.minecraft.crafting_table":20,"stat.useItem.minecraft.diamond_pickaxe":256,"stat.useItem.minecraft.carrot":289,"stat.drop.zawa.golden_sparks":1,"stat.entityKilledBy.Creeper":2,"stat.mineBlock.minecraft.planks":114,"stat.drop":192,"stat.pickup.minecraft.stone_button":13,"stat.craftItem.securitycraft.universal_block_remover":1,"stat.drop.zawa.dried_bamboo":2,"stat.pickup.minecraft.gravel":154,"stat.mineBlock.minecraft.anvil":2,"stat.useItem.minecraft.apple":15,"stat.pickup.minecraft.diamond_sword":7,"stat.drop.twilightforest.mazebreaker_pickaxe":1,"stat.pickup.minecraft.fence":20,"stat.pickup.minecraft.iron_helmet":3,"stat.useItem.minecraft.stone_axe":233,"stat.craftItem.minecraft.bread":12,"stat.pickup.minecraft.spider_eye":4,"stat.mineBlock.animania.block_straw":1,"stat.useItem.minecraft.stone_button":27,"stat.craftItem.minecraft.iron_helmet":1,"stat.drop.minecraft.bed":1,"stat.pickup.minecraft.iron_ore":271,"stat.mineBlock.mca.rose_gold_ore":3,"stat.boatOneCm":497388,"stat.craftItem.minecraft.flint_and_steel":1,"stat.drop.zawa.worm":6,"stat.mineBlock.minecraft.stone_stairs":5,"stat.mineBlock.minecraft.furnace":14,"stat.useItem.minecraft.wooden_pickaxe":59,"stat.craftItem.minecraft.golden_hoe":1,"stat.mineBlock.iceandfire.chared_cobblestone":5,"stat.pickup.globalxp.xp_block":4,"stat.pickup.minecraft.reeds":29,"stat.useItem.tombstone.grave_key":5,"tombstone:undead_killed":82,"stat.pickup.minecraft.oak_stairs":65,"stat.damageDealt":26049,"stat.craftItem.minecraft.glass":421,"stat.sleepInBed":31,"stat.craftItem.minecraft.anvil":1,"stat.useItem.minecraft.crafting_table":7,"stat.killEntity.Pig":10,"stat.craftItem.minecraft.stone_shovel":1,"stat.walkOneCm":4689332,"stat.playerKills":1,"stat.pickup.dynamictrees.birchseed":9,"stat.pickup.minecraft.stick":465,"stat.pickup.minecraft.clay_ball":60,"stat.mineBlock.minecraft.trapped_chest":1,"stat.mineBlock.chisel.basalt2":14,"stat.mineBlock.zawa.golden_sparks":1,"stat.drop.minecraft.iron_chestplate":1,"stat.pickup.minecraft.stone":669,"stat.pickup.biomesoplenty.fleshchunk":5,"stat.pickup.minecraft.gold_ingot":29,"stat.killEntity.Skeleton":27,"stat.killEntity.Chicken":1,"stat.drop.minecraft.crafting_table":8,"stat.killEntity.Spider":6,"stat.mineBlock.biomesoplenty.flesh":5,"stat.mineBlock.minecraft.quartz_ore":1,"stat.pickup.minecraft.bread":2,"stat.drop.minecraft.filled_map":1,"stat.craftItem.minecraft.fence":6,"stat.mineBlock.minecraft.leaves":27,"stat.pickup.minecraft.lava_bucket":1,"stat.drop.zawa.care_guide":1,"stat.mineBlock.minecraft.stone":3458,"stat.useItem.minecraft.sandstone":14}