{"stat.useItem.minecraft.bow":8,"stat.pickup.minecraft.wooden_slab":6,"stat.craftItem.iceandfire.armor_bronze_chestplate":1,"stat.leaveGame":12,"stat.pickup.betteranimalsplus.goose_egg":14,"stat.pickup.iceandfire.dragon_flute":1,"stat.pickup.tombstone.familiar_stone":5,"stat.pickup.extrautils2.indexerremote":1,"stat.pickup.zawa.worm":10,"stat.drop.minecraft.feather":4,"stat.drop.minecraft.iron_sword":1,"stat.pickup.minecraft.rotten_flesh":114,"stat.craftItem.minecraft.stone_axe":1,"stat.killEntity.twilightforest.raven":1,"stat.mineBlock.twilightforest.cicada":1,"stat.killEntity.Enderman":6,"stat.mineBlock.minecraft.wooden_slab":5,"stat.pickup.minecraft.brown_mushroom":2,"stat.killEntity.Witch":2,"stat.pickup.twilightforest.cicada":4,"stat.useItem.minecraft.iron_pickaxe":1056,"stat.pickup.securitycraft.universal_block_remover":3,"stat.craftItem.minecraft.iron_door":3,"stat.pickup.minecraft.double_plant":2,"stat.craftItem.minecraft.bed":2,"stat.useItem.zawa.bird_meat":1,"stat.craftItem.minecraft.glass_pane":16,"stat.mineBlock.chisel.marble2":13,"stat.mineBlock.minecraft.vine":5,"stat.furnaceInteraction":56,"stat.killEntity.ZombieVillager":1,"stat.drop.minecraft.red_flower":3,"stat.craftItem.twilightforest.naga_chestplate":1,"stat.pickup.minecraft.beef":9,"stat.drop.minecraft.cactus":1,"stat.pickup.twilightforest.time_fence":1,"stat.useItem.minecraft.fence":29,"stat.pickup.mca.rose_gold_ore":10,"stat.mineBlock.twilightforest.naga_stone":1,"stat.useItem.minecraft.flint_and_steel":1,"stat.mineBlock.minecraft.fence":1,"stat.useItem.minecraft.wheat_seeds":30,"stat.killEntity.twilightforest.naga":1,"stat.killEntity.betteranimalsplus.zotzpyre":6,"stat.pickup.minetraps.bear_trap":3,"stat.craftItem.securitycraft.laser_block":1,"stat.pickup.minecraft.emerald":156,"stat.pickup.dynamictrees.oakseed":117,"stat.pickup.securitycraft.universal_block_reinforcer_lvl1":6,"stat.pickup.minecraft.lever":6,"stat.deaths":13,"stat.pickup.minecraft.egg":2,"stat.drop.iceandfire.dragonbone_sword_fire":1,"stat.craftItem.minecraft.wooden_shovel":1,"stat.craftItem.minecraft.iron_pickaxe":4,"stat.pickup.zawa.raw_crab_leg":2,"stat.pickup.twilightforest.armor_shard":3,"stat.pickup.zawa.care_guide":6,"stat.drop.minecraft.iron_ingot":10,"stat.pickup.chisel.marble2":8,"stat.mineBlock.minecraft.tallgrass":197,"stat.craftItem.minecraft.cooked_mutton":6,"stat.chestOpened":208,"stat.killEntity.betteranimalsplus.goose":3,"stat.useItem.minecraft.stone":14,"stat.pickup.minecraft.iron_sword":1,"stat.pickup.minecraft.arrow":40,"stat.killEntity.twilightforest.yeti":2,"stat.pickup.minecraft.gold_nugget":3,"stat.pickup.minecraft.carrot":4,"stat.crouchOneCm":55212,"stat.mineBlock.minecraft.chest":2,"stat.craftItem.minecraft.iron_ingot":63,"stat.pickup.minecraft.painting":5,"stat.craftingTableInteraction":82,"stat.useItem.chisel.marble2":1,"stat.useItem.minecraft.reeds":25,"stat.pickup.twilightforest.firefly_jar":1,"stat.pickup.minecraft.dye":118,"stat.pickup.minecraft.planks":266,"stat.pickup.chisel.limestone2":4,"stat.pickup.minecraft.wheat_seeds":49,"stat.mineBlock.minecraft.glass":35,"stat.mineBlock.minecraft.dirt":98,"stat.useItem.minecraft.bread":127,"stat.drop.minecraft.rotten_flesh":15,"stat.useItem.minecraft.cobblestone":473,"stat.useItem.minecraft.gravel":2,"stat.mineBlock.minecraft.double_plant":44,"stat.craftItem.securitycraft.keypad_door_item":1,"stat.pickup.minecraft.golden_hoe":1,"stat.useItem.dynamictrees.oakseed":43,"stat.drop.twilightforest.naga_scale":7,"stat.mineBlock.twilightforest.nagastone_pillar_mossy":1,"stat.pickup.minecraft.iron_pickaxe":5,"stat.drop.minecraft.carrot":2,"stat.useItem.minecraft.yellow_flower":1,"stat.drop.minecraft.gold_nugget":2,"stat.pickup.minecraft.apple":2,"stat.craftItem.securitycraft.door_indestructible_iron_item":3,"stat.drop.dynamictrees.oakseed":7,"stat.craftItem.minecraft.planks":840,"stat.useItem.minecraft.iron_sword":383,"stat.useItem.securitycraft.universal_block_remover":5,"stat.useItem.betteranimalsplus.goose_egg":14,"stat.useItem.minecraft.stonebrick":1,"stat.pickup.minecraft.book":51,"stat.craftItem.minecraft.wooden_door":3,"stat.mineBlock.minecraft.log":68,"stat.useItem.minecraft.wooden_door":8,"stat.pickup.iceandfire.dragonbone":78,"stat.pickup.twilightforest.trans_fence":2,"stat.pickup.minecraft.red_flower":4,"stat.pickup.minecraft.wool":4,"stat.drop.tombstone.familiar_stone":2,"stat.craftItem.iceandfire.armor_bronze_boots":1,"stat.drop.minecraft.grass":1,"stat.drop.twilightforest.armor_shard":3,"stat.useItem.minecraft.iron_axe":213,"stat.mineBlock.minecraft.cobblestone":131,"stat.pickup.minecraft.flint":2,"stat.mineBlock.minecraft.yellow_flower":2,"stat.mineBlock.iceandfire.chared_stone":4,"stat.pickup.minecraft.flower_pot":3,"stat.pickup.minecraft.enchanted_book":1,"stat.drop.minecraft.cobblestone":18,"stat.pickup.betteranimalsplus.wolf_pelt_red":2,"stat.pickup.minecraft.bow":9,"stat.pickup.minecraft.iron_boots":1,"stat.craftItem.minecraft.furnace":1,"stat.useItem.minecraft.egg":2,"stat.craftItem.minecraft.cooked_beef":9,"stat.flyOneCm":2099794,"stat.timeSinceDeath":3148,"stat.pickup.twilightforest.twilight_sapling":5,"stat.useItem.minecraft.wooden_slab":24,"stat.drop.minecraft.spider_eye":4,"stat.mineBlock.twilightforest.twilight_oak_fence":1,"stat.mineBlock.twilightforest.firefly_jar":2,"stat.pickup.securitycraft.keypad":2,"stat.pickup.twilightforest.naga_scale":15,"stat.mineBlock.minecraft.coal_ore":24,"stat.killEntity.Creeper":6,"stat.pickup.minecraft.shield":8,"stat.talkedToVillager":37,"stat.pickup.minecraft.string":2,"stat.pickup.comforts.sleeping_bag":7,"stat.pickup.iceandfire.dragon_horn":1,"stat.killEntity.twilightforest.mist_wolf":2,"stat.pickup.tombstone.crafting_ingredient":17,"stat.useItem.minecraft.milk_bucket":1,"stat.drop.minecraft.oak_stairs":7,"stat.pickup.minecraft.birch_stairs":3,"stat.useItem.minecraft.written_book":3,"stat.sprintOneCm":1450436,"stat.craftItem.trashcans.item_trash_can":1,"stat.useItem.tombstone.magic_scroll":7,"stat.useItem.minecraft.snowball":2,"stat.mineBlock.minecraft.diamond_ore":2,"stat.drop.tombstone.grave_key":1,"stat.killEntity.Zombie":108,"stat.pickup.minecraft.snowball":19,"stat.craftItem.minecraft.dye":2,"stat.pickup.iceandfire.chared_dirt":6,"stat.mineBlock.minecraft.gold_ore":6,"stat.diveOneCm":138640,"stat.pickup.minecraft.wheat":19,"stat.mineBlock.minecraft.mossy_cobblestone":4,"stat.pickup.minecraft.sign":2,"stat.pickup.iceandfire.dragonscales_bronze":171,"stat.mineBlock.minecraft.stone_button":1,"stat.pickup.minecraft.obsidian":1,"stat.useItem.minecraft.sand":17,"stat.jump":9368,"stat.pickup.minecraft.coal":75,"stat.pickup.minecraft.iron_ingot":63,"stat.pickup.minecraft.gunpowder":7,"stat.mineBlock.iceandfire.frost_lily":1,"stat.pickup.iceandfire.chared_stone":38,"stat.craftItem.minecraft.torch":12,"stat.pickup.minecraft.dirt":591,"stat.craftItem.iceandfire.armor_bronze_leggings":1,"stat.useItem.minecraft.glass":104,"stat.pickup.iceandfire.fire_dragon_heart":3,"stat.pickup.minecraft.gold_ore":7,"stat.mineBlock.minecraft.lapis_ore":19,"stat.killEntity.camocreepers:CamoCreeper":2,"stat.pickup.minecraft.iron_axe":5,"stat.mineBlock.minecraft.glass_pane":4,"stat.damageTaken":17421,"stat.pickup.twilightforest.firefly":3,"stat.mineBlock.minecraft.torch":99,"stat.pickup.minecraft.written_book":10,"stat.craftItem.securitycraft.keypad_frame":2,"stat.pickup.minecraft.bed":1,"stat.pickup.iceandfire.hippogryph_sword":6,"stat.mineBlock.twilightforest.root":2,"stat.useItem.minecraft.air":810,"stat.craftItem.securitycraft.universal_block_reinforcer_lvl1":1,"stat.drop.minecraft.wheat":1,"stat.pickup.minecraft.diamond_pickaxe":1,"stat.killEntity.betteranimalsplus.feralwolf":6,"stat.pickup.zawa.coin":7,"stat.useItem.tombstone.gift":3,"stat.pickup.wolfarmor.diamond_wolf_armor":2,"stat.pickup.minecraft.baked_potato":308,"stat.pickup.minecraft.ender_pearl":6,"stat.pickup.minecraft.ladder":3,"stat.pickup.minecraft.cooked_beef":3,"stat.mineBlock.minecraft.tnt":2,"stat.drop.minecraft.lever":6,"stat.mineBlock.minecraft.stonebrick":8,"stat.killEntity.twilightforest.winter_wolf":4,"stat.mobKills":240,"stat.pickup.minecraft.diamond_boots":1,"stat.mineBlock.minecraft.bookshelf":9,"stat.drop.tombstone.magic_scroll":1,"stat.craftItem.minecraft.shears":1,"stat.pickup.securitycraft.reinforced_stone_button":17,"stat.drop.minecraft.written_book":3,"stat.pickup.minecraft.diamond":20,"stat.pickup.minecraft.torch":142,"stat.pickup.twilightforest.twilight_oak_fence":1,"stat.pickup.minecraft.deadbush":3,"stat.craftItem.minecraft.iron_axe":1,"stat.mineBlock.twilightforest.twilight_plant":22,"stat.pickup.minecraft.lapis_block":1,"stat.drop.minecraft.shield":1,"stat.useItem.minecraft.planks":744,"stat.pickup.minecraft.golden_boots":1,"stat.craftItem.iceandfire.armor_bronze_helmet":1,"stat.drop.dynamictrees.birchseed":20,"stat.useItem.minecraft.fire_charge":3,"stat.pickup.minecraft.porkchop":6,"stat.pickup.minecraft.glass":77,"stat.pickup.betteranimalsplus.wolf_pelt_snowy":21,"stat.useItem.minecraft.water_bucket":132,"stat.drop.twilightforest.arctic_fur":2,"stat.mineBlock.minecraft.stone_brick_stairs":2,"stat.pickup.minecraft.sand":178,"stat.pickup.twilightforest.lifedrain_scepter":5,"stat.mineBlock.twilightforest.twilight_log":2,"stat.useItem.minecraft.ender_pearl":3,"stat.entityKilledBy.firedragon":1,"stat.mineBlock.minecraft.sand":162,"stat.killEntity.twilightforest.kobold":20,"stat.pickup.iceandfire.ash":6,"stat.craftItem.minecraft.wooden_hoe":1,"stat.drop.minecraft.diamond":1,"stat.killEntity.twilightforest.skeleton_druid":4,"stat.trappedChestTriggered":15,"stat.pickup.minetraps.fall_trap":2,"stat.useItem.minecraft.oak_stairs":95,"stat.mineBlock.minecraft.birch_stairs":2,"stat.pickup.minecraft.furnace":3,"stat.useItem.minecraft.cooked_mutton":6,"stat.craftItem.zawa.kibble":1,"stat.pickup.minecraft.iron_chestplate":1,"stat.useItem.minecraft.stone_stairs":157,"stat.pickup.tombstone.magic_scroll":13,"stat.pickup.minecraft.stone_stairs":26,"stat.pickup.twilightforest.arctic_fur":11,"stat.pickup.twilightforest.raven_feather":7,"stat.pickup.minecraft.saddle":2,"stat.craftItem.minecraft.heavy_weighted_pressure_plate":3,"stat.mineBlock.minecraft.oak_stairs":17,"stat.pickup.ironchest.iron_chest":12,"stat.playOneMinute":635055,"stat.drop.minecraft.string":2,"stat.craftItem.securitycraft.keypad_item":2,"stat.entityKilledBy.twilightforest.lich":1,"stat.pickup.minecraft.dispenser":4,"stat.pickup.minecraft.netherrack":7,"stat.pickup.zawa.kibble":2,"stat.mineBlock.minecraft.dispenser":1,"stat.pickup.securitycraft.door_indestructible_iron_item":2,"stat.mineBlock.minecraft.ice":20,"stat.useItem.minecraft.experience_bottle":74,"stat.fallOneCm":225532,"stat.drop.zawa.coin":1,"stat.drop.minecraft.gold_ore":6,"stat.craftItem.minecraft.chest":2,"stat.pickup.minecraft.golden_leggings":1,"stat.craftItem.minetraps.fall_trap":1,"stat.pickup.minecraft.feather":4,"stat.drop.minecraft.bone":15,"stat.pickup.minecraft.iron_leggings":2,"stat.mineBlock.minecraft.gravel":16,"stat.pickup.iceandfire.dragon_stick":1,"stat.craftItem.minecraft.oak_stairs":88,"stat.drop.minecraft.stick":10,"stat.mineBlock.minecraft.monster_egg":5,"stat.useItem.minecraft.torch":147,"stat.drop.tombstone.crafting_ingredient":8,"stat.pickup.mowziesmobs.ice_crystal":3,"stat.craftItem.minecraft.redstone_block":1,"stat.craftItem.minecraft.stone_stairs":136,"stat.useItem.minecraft.log":105,"stat.pickup.minecraft.crafting_table":14,"stat.mineBlock.twilightforest.time_fence":1,"stat.craftItem.minecraft.crafting_table":2,"stat.mineBlock.minecraft.emerald_ore":22,"stat.pickup.minecraft.log":327,"stat.pickup.mca.baby_boy":8,"stat.craftItem.minecraft.stone_button":17,"stat.drop.minecraft.lapis_block":1,"stat.pickup.minecraft.sapling":2,"stat.drop.mowziesmobs.ice_crystal":3,"stat.pickup.minecraft.wooden_door":13,"stat.pickup.zawa.data_book":5,"stat.pickup.minecraft.diamond_helmet":1,"stat.craftItem.minecraft.sugar":2,"stat.sneakTime":20896,"stat.useItem.minecraft.baked_potato":44,"stat.pickup.minecraft.yellow_flower":2,"stat.pickup.minecraft.chest":2,"stat.pickup.minecraft.bone":182,"stat.pickup.iceandfire.armor_bronze_helmet":1,"stat.drop.securitycraft.keypad_door_item":1,"stat.useItem.minecraft.diamond_sword":424,"stat.swimOneCm":148834,"stat.mineBlock.twilightforest.trans_fence":3,"stat.climbOneCm":11126,"stat.mineBlock.minecraft.spruce_stairs":1,"stat.mineBlock.minetraps.bear_trap":1,"stat.mineBlock.twilightforest.nagastone_pillar_weathered":1,"stat.drop.minecraft.brown_mushroom":2,"stat.useItem.minecraft.dirt":262,"stat.pickup.minecraft.golden_helmet":4,"stat.pickup.twilightforest.magic_map":4,"stat.pickup.zawa.bird_meat":1,"stat.drop.minecraft.ender_pearl":1,"stat.drop.iceandfire.dragonegg_gray":1,"stat.pickup.minecraft.cobblestone":887,"stat.mineBlock.minecraft.carpet":2,"stat.useItem.minecraft.stone_shovel":132,"stat.mineBlock.chisel.limestone2":16,"stat.drop.betteranimalsplus.wolf_pelt_red":1,"stat.useItem.securitycraft.door_indestructible_iron_item":2,"stat.craftItem.minecraft.wooden_slab":30,"stat.useItem.minecraft.cooked_beef":6,"stat.pickup.minecraft.cactus":1,"stat.pickup.minecraft.redstone":105,"stat.mineBlock.minecraft.iron_ore":66,"stat.pickup.securitycraft.keypad_item":1,"stat.pickup.minecraft.mutton":6,"stat.pickup.minecraft.mossy_cobblestone":1,"stat.drop.zawa.kibble":2,"stat.pickup.minecraft.stonebrick":14,"stat.drop.minecraft.dirt":9,"stat.useItem.minecraft.cooked_porkchop":25,"stat.pickup.minecraft.iron_shovel":5,"stat.pickup.minecraft.carpet":20,"stat.drop.iceandfire.hippogryph_sword":1,"stat.mineBlock.minecraft.grass":261,"stat.craftItem.minecraft.stick":16,"stat.pickup.minecraft.speckled_melon":45,"stat.craftItem.minecraft.stone":24,"stat.mineBlock.minecraft.crafting_table":10,"stat.useItem.zawa.raw_crab_leg":2,"stat.useItem.minecraft.carrot":1,"stat.pickup.iceandfire.dragonbone_sword_fire":2,"stat.useItem.minecraft.wooden_shovel":59,"stat.drop.minecraft.dispenser":1,"stat.pickup.minecraft.diamond_chestplate":2,"stat.entityKilledBy.Creeper":1,"stat.mineBlock.minecraft.planks":117,"stat.drop":210,"stat.pickup.minecraft.stone_button":9,"stat.killEntity.Sheep":4,"stat.useItem.iceandfire.hippogryph_sword":112,"stat.craftItem.securitycraft.universal_block_remover":1,"stat.pickup.minecraft.gravel":3,"stat.drop.minecraft.cooked_beef":3,"stat.useItem.minecraft.apple":6,"stat.useItem.minecraft.porkchop":6,"stat.pickup.twilightforest.torchberries":5,"stat.useItem.minecraft.potion":1,"stat.pickup.minecraft.diamond_sword":10,"stat.useItem.minecraft.flower_pot":1,"stat.useItem.minecraft.wooden_hoe":24,"stat.pickup.minecraft.fence":1,"stat.pickup.minecraft.iron_helmet":1,"stat.mineBlock.twilightforest.dark_slab":1,"stat.useItem.minecraft.stone_axe":109,"stat.craftItem.minecraft.bread":3,"stat.pickup.minecraft.spider_eye":4,"stat.useItem.minecraft.stone_button":1,"stat.useItem.minecraft.cooked_chicken":6,"stat.pickup.minecraft.iron_ore":66,"stat.pickup.iceandfire.shiny_scales":3,"stat.mineBlock.mca.rose_gold_ore":10,"stat.pickup.iceandfire.frost_lily":1,"stat.drop.zawa.worm":5,"stat.mineBlock.minecraft.stone_stairs":26,"stat.pickup.minecraft.leather":8,"stat.mineBlock.minecraft.furnace":3,"stat.drop.minecraft.water_bucket":1,"stat.craftItem.zawa.data_book":1,"stat.pickup.minecraft.reeds":11,"stat.pickup.minecraft.prismarine_crystals":1,"tombstone:undead_killed":153,"stat.useItem.tombstone.grave_key":5,"stat.pickup.minecraft.oak_stairs":29,"stat.damageDealt":48847,"stat.craftItem.minecraft.glass":126,"stat.sleepInBed":13,"stat.pickup.twilightforest.twilight_log":10,"stat.killEntity.Cow":3,"stat.craftItem.minecraft.stone_shovel":1,"stat.pickup.twilightforest.naga_chestplate":4,"stat.walkOneCm":1937387,"stat.playerKills":3,"stat.pickup.dynamictrees.birchseed":21,"stat.pickup.minecraft.stick":500,"stat.pickup.minecraft.tnt":2,"stat.pickup.minecraft.stone":26,"stat.pickup.minecraft.gold_ingot":3,"stat.killEntity.Skeleton":38,"stat.drop.minecraft.deadbush":3,"stat.killEntity.Spider":3,"stat.pickup.minecraft.bread":124,"stat.craftItem.minecraft.fence":45,"stat.pickup.iceandfire.dragonegg_gray":2,"stat.pickup.minecraft.water_bucket":6,"stat.mineBlock.minecraft.leaves":23,"stat.pickup.minecraft.spruce_stairs":1,"stat.killEntity.twilightforest.wild_boar":3,"stat.drop.zawa.care_guide":2,"stat.mineBlock.minecraft.stone":626}