{"stat.useItem.minecraft.bow":390,"stat.useItem.minecraft.painting":80,"stat.pickup.iceandfire.fire_dragon_flesh":50,"stat.mineBlock.iceandfire.chared_grass":9,"stat.killEntity.betteranimalsplus.goat":2,"stat.pickup.tombstone.familiar_stone":8,"stat.useItem.zawa.bird_meat_cooked":3,"stat.mineBlock.mowziesmobs.painted_acacia_slab":2,"stat.craftItem.iceandfire.dragonforge_fire_brick":24,"stat.mineBlock.minecraft.web":45,"stat.craftItem.extrautils2.endershard":24,"stat.drop.minecraft.iron_sword":7,"stat.pickup.minecraft.rotten_flesh":430,"stat.craftItem.minecraft.stone_axe":1,"stat.pickup.minecraft.cobblestone_wall":1,"stat.pickup.minecraft.bucket":1,"stat.killEntity.Enderman":12,"stat.pickup.zawa.reptile_hide":6,"stat.pickup.minecraft.brown_mushroom":18,"stat.useItem.zawa.carnivore_meat_cooked":1,"stat.pickup.securitycraft.universal_block_remover":7,"stat.useItem.minecraft.iron_pickaxe":1793,"stat.pickup.minecraft.stained_hardened_clay":44,"stat.pickup.minecraft.double_plant":66,"stat.pickup.dynamictrees.darkoakseed":35,"stat.pickup.zawa.mixed_coral_plates":2,"stat.craftItem.minecraft.glass_pane":48,"stat.mineBlock.chisel.marble2":82,"stat.mineBlock.minecraft.sticky_piston":10,"stat.furnaceInteraction":545,"stat.craftItem.iceandfire.dragonscale_red":17,"stat.pickup.minecraft.nether_brick":59,"stat.pickup.zawa.large_meat_raw":4,"stat.pickup.minecraft.hay_block":150,"stat.craftItem.futuremc.dye":23,"stat.useItem.minecraft.fence":328,"stat.pickup.mca.rose_gold_ore":76,"stat.mineBlock.extrautils2.decorativesolid":3,"stat.pickup.tombstone.gift":1,"stat.mineBlock.minecraft.fence":27,"stat.useItem.minecraft.flint_and_steel":2,"stat.useItem.minecraft.wheat_seeds":231,"stat.useItem.iceandfire.chared_dirt":1,"stat.killEntity.betteranimalsplus.zotzpyre":3,"stat.mineBlock.zawa.sea_grass":1,"stat.craftItem.securitycraft.laser_block":7,"stat.pickup.minecraft.emerald":54,"stat.pickup.dynamictrees.oakseed":243,"stat.craftItem.minecraft.dark_oak_boat":1,"stat.deaths":148,"stat.pickup.zawa.fur":14,"stat.drop.securitycraft.keypad_item":1,"stat.pickup.minecraft.egg":44,"stat.drop.iceandfire.dragonbone_sword_fire":1,"stat.pickup.zawa.peach_flower":1,"stat.craftItem.minecraft.wooden_shovel":1,"stat.pickup.mca.baby_girl":1,"stat.craftItem.minecraft.iron_pickaxe":11,"stat.pickup.minecraft.glass_pane":21,"stat.pickup.iceandfire.troll_leather_frost":3,"stat.pickup.minecraft.item_frame":2,"stat.craftItem.minecraft.cooked_mutton":29,"stat.pickup.minecraft.cooked_mutton":6,"stat.chestOpened":647,"stat.pickup.securitycraft.keypad_frame":1,"stat.pickup.minecraft.iron_sword":11,"stat.pickup.iceandfire.dragonforge_fire_core":4,"stat.useItem.minecraft.grass":133,"stat.craftItem.iceandfire.armor_red_leggings":1,"stat.pickup.minecraft.gold_nugget":412,"stat.craftItem.chisel.futura":8,"stat.useItem.roost.breeder":2,"stat.pickup.minecraft.carrot":233,"stat.drop.minecraft.stone_sword":1,"stat.useItem.tombstone.tablet_of_cupidity":2,"stat.crouchOneCm":547590,"stat.craftItem.minecraft.diamond":2,"stat.pickup.minecraft.rail":17,"stat.pickup.zawa.tortoise_shell":1,"stat.craftItem.minecraft.iron_ingot":388,"stat.pickup.craftingstation.crafting_station":6,"stat.craftingTableInteraction":427,"stat.craftItem.extrautils2.decorativesolid":60,"stat.pickup.minecraft.repeater":1,"stat.pickup.securitycraft.keypad_chest":34,"stat.mineBlock.minecraft.log2":2,"stat.pickup.minecraft.dye":820,"stat.pickup.minecraft.planks":427,"stat.pickup.chisel.limestone2":155,"stat.useItem.iceandfire.dragonbone_sword_fire":1212,"stat.pickup.iceandfire.cyclops_eye":1,"stat.pickup.zawa.bush_meat_raw":15,"stat.craftItem.roost.catcher":1,"stat.mineBlock.minecraft.ender_chest":1,"stat.useItem.mowziesmobs.wrought_axe":2,"stat.drop.tombstone.voodoo_poppet":1,"stat.pickup.securitycraft.reinforced_glass_block":5,"stat.pickup.minecraft.magma":2,"stat.killEntity.betteranimalsplus.horseshoecrab":1,"stat.useItem.dynamictrees.oakseed":51,"stat.mineBlock.zawa.bamboo":1,"stat.pickup.securitycraft.reinforced_stone":89,"stat.mineBlock.globalxp.xp_block":1,"stat.pickup.minecraft.chicken":27,"stat.useItem.minecraft.glass_pane":6,"stat.pickup.iceandfire.myrmex_stinger":7,"stat.mineBlock.twilightforest.firefly":1,"stat.craftItem.minecraft.bucket":3,"stat.craftItem.minecraft.planks":1952,"stat.useItem.minecraft.iron_sword":2671,"stat.pickup.futuremc.cornflower":24,"stat.useItem.securitycraft.universal_block_remover":142,"stat.craftItem.minecraft.fishing_rod":1,"stat.pickup.minecraft.book":156,"stat.useItem.minecraft.stonebrick":1200,"stat.craftItem.minecraft.wooden_door":6,"stat.pickup.minecraft.iron_door":2,"stat.useItem.tombstone.tablet_of_home":1,"stat.pickup.iceandfire.siren_tear":1,"stat.killEntity.betteranimalsplus.badger":1,"stat.killEntity.siren":7,"stat.pickup.extrautils2.pipe":1,"stat.pickup.minecraft.bookshelf":16,"stat.mineBlock.minecraft.cobblestone":293,"stat.mineBlock.minecraft.pumpkin":4,"stat.pickup.minecraft.stone_pickaxe":2,"stat.pickup.minecraft.flint":42,"stat.craftItem.iceandfire.dragonbone_sword_fire":1,"stat.craftItem.zawa.reptile_meat_cooked":1,"stat.drop.minecraft.cobblestone":2,"stat.pickup.minecraft.cooked_porkchop":19,"stat.pickup.minecraft.iron_boots":12,"stat.craftItem.minecraft.furnace":37,"stat.craftItem.minecraft.iron_boots":4,"stat.craftItem.zawa.rat_cooked":1,"stat.mineBlock.minecraft.clay":64,"stat.pickup.minecraft.diamond_leggings":14,"stat.useItem.extrautils2.decorativesolid":3,"stat.craftItem.extrautils2.passivegenerator":54,"stat.killEntity.betteranimalsplus.deer":1,"stat.pickup.mowziesmobs.glowing_jelly":1,"stat.pickup.iceandfire.fire_lily":1,"stat.useItem.minecraft.iron_door":1,"stat.craftItem.minecraft.iron_block":1,"stat.killEntity.twilightforest.helmet_crab":1,"stat.craftItem.minecraft.stonebrick":1296,"stat.pickup.securitycraft.keypad":5,"stat.killEntity.Creeper":24,"stat.mineBlock.zawa.kelp":7,"stat.killEntity.twilightforest.mist_wolf":1,"stat.pickup.tombstone.crafting_ingredient":89,"stat.entityKilledBy.Skeleton":2,"stat.pickup.zawa.reptile_meat_raw":19,"stat.sprintOneCm":4323678,"stat.killEntity.betteranimalsplus.pheasant":2,"stat.pickup.securitycraft.reinforced_stairs_stone_brick":1,"stat.mineBlock.minecraft.stone_slab":5,"stat.mineBlock.biomesoplenty.grass":1,"stat.useItem.tombstone.magic_scroll":5,"stat.pickup.extrautils2.passivegenerator":7,"stat.craftItem.extrautils2.indexer":1,"stat.useItem.betteranimalsplus.pheasant_egg":1,"stat.pickup.mowziesmobs.barakoa_mask_fear":15,"stat.useItem.securitycraft.keypad_item":4,"stat.pickup.extrautils2.decorativesolid":3,"stat.craftItem.iceandfire.armor_gray_helmet":1,"stat.mineBlock.zawa.gracilaria":1,"stat.pickup.minecraft.sugar":2,"stat.drop.tombstone.grave_key":1,"stat.pickup.tombstone.grave_key":2,"stat.craftItem.minecraft.emerald":2,"stat.pickup.minecraft.iron_block":6,"stat.killEntity.Zombie":216,"stat.craftItem.minecraft.dye":393,"stat.mineBlock.minecraft.gold_ore":86,"stat.drop.minecraft.diamond_pickaxe":1,"stat.pickup.minecraft.wheat":285,"stat.mineBlock.minecraft.mossy_cobblestone":7,"stat.mineBlock.connectedglass.clear_glass":1,"stat.entityKilledBy.seaserpent":6,"stat.pickup.iceandfire.troll_leather_mountain":7,"stat.craftItem.ironfurnaces.iron_furnace_idle":2,"stat.pickup.iceandfire.dragonscales_bronze":75,"stat.craftItem.minecraft.cooked_porkchop":43,"stat.pickup.minecraft.obsidian":41,"stat.entityKilledBy.camocreepers:CamoCreeper":1,"stat.pickup.minecraft.coal":1968,"stat.pickup.minecraft.iron_ingot":295,"stat.useItem.minecraft.dark_oak_boat":1,"stat.craftItem.minecraft.lever":2,"stat.drop.minecraft.diamond_sword":5,"stat.pickup.minecraft.gunpowder":74,"stat.pickup.iceandfire.chared_stone":29,"stat.pickup.minecraft.dirt":2103,"stat.pickup.iceandfire.fire_dragon_heart":13,"stat.craftItem.iceandfire.dragonforge_fire_input":1,"stat.mineBlock.minecraft.lapis_ore":59,"stat.killEntity.camocreepers:CamoCreeper":14,"stat.pickup.minecraft.iron_axe":12,"tombstone:sneak_grave":4,"stat.brewingstandInteraction":6,"stat.useItem.minecraft.stone_brick_stairs":69,"stat.mineBlock.minetraps.quicksand":3,"stat.mineBlock.minecraft.torch":53,"stat.mineBlock.minecraft.red_flower":29,"stat.pickup.minecraft.written_book":9,"stat.tradedWithVillager":168,"stat.useItem.securitycraft.reinforced_stone":9,"stat.craftItem.minecraft.glowstone":1,"stat.mineBlock.minecraft.fence_gate":2,"stat.pickup.chococraft.gysahl_green":24,"stat.pickup.zawa.bladderwrack":2,"stat.pickup.minecraft.diamond_pickaxe":12,"stat.pickup.securitycraft.reinforced_ladder":4,"stat.pickup.iceandfire.dread_shard":6,"stat.drop.minecraft.netherrack":1,"stat.pickup.betteranimalsplus.pheasant_egg":3,"stat.useItem.minecraft.melon":30,"stat.craftItem.minecraft.wheat":378,"stat.useItem.tombstone.gift":2,"stat.pickup.mowziesmobs.barako_mask":6,"stat.useItem.zawa.large_meat_cooked":5,"stat.drop.mca.baby_girl":1,"stat.pickup.minecraft.cooked_beef":1,"stat.killEntity.Stray":2,"stat.mineBlock.minecraft.farmland":2,"stat.mobKills":1112,"stat.pickup.minecraft.diamond_boots":6,"stat.mineBlock.minecraft.bookshelf":32,"stat.pickup.iceandfire.gorgon_head":4,"stat.useItem.minecraft.boat":10,"stat.craftItem.minecraft.lead":2,"stat.pickup.minecraft.diamond":125,"stat.pickup.minecraft.beetroot_seeds":103,"stat.pickup.roost.roost":1,"stat.mineBlock.zawa.peach_flower":2,"stat.pickup.zawa.hunting_rifle":1,"stat.useItem.minecraft.bookshelf":24,"stat.useItem.minecraft.soul_sand":6,"stat.killEntity.Blaze":11,"stat.useItem.zawa.rat_cooked":1,"stat.pickup.minecraft.glowstone_dust":51,"stat.pickup.betteranimalsplus.wolf_pelt_snowy":2,"stat.pickup.securitycraft.reinforced_obsidian":2,"stat.mineBlock.minecraft.red_mushroom":3,"stat.mineBlock.minecraft.stone_brick_stairs":17,"stat.mineBlock.minecraft.nether_brick_fence":8,"stat.pickup.minetraps.obstacle":7,"stat.pickup.minecraft.splash_potion":2,"stat.craftItem.iceandfire.dragonforge_fire_core_disabled":1,"stat.mineBlock.twilightforest.twilight_log":4,"stat.pickup.mca.engagement_ring":2,"stat.craftItem.minecraft.stone_sword":1,"stat.mineBlock.minecraft.snow_layer":1,"stat.pickup.mowziesmobs.barakoa_mask_misery":16,"stat.mineBlock.minecraft.sand":551,"stat.pickup.securitycraft.reinforced_cobblestone":66,"stat.killEntity.twilightforest.kobold":12,"stat.mineBlock.byg.sodalite":1,"stat.useItem.securitycraft.keypad_chest":14,"stat.useItem.dynamictrees.darkoakseed":9,"stat.pickup.minecraft.ghast_tear":2,"stat.craftItem.minecraft.birch_door":3,"stat.trappedChestTriggered":28,"stat.mineBlock.zawa.bladderwrack":1,"stat.craftItem.minecraft.pumpkin_seeds":8,"stat.mineBlock.futuremc.cornflower":26,"stat.useItem.minecraft.cooked_mutton":24,"stat.pickup.iceandfire.troll_tusk":8,"stat.craftItem.zawa.hunting_rifle":2,"stat.pickup.minecraft.stone_stairs":18,"stat.pickup.futuremc.lily_of_the_valley":2,"stat.craftItem.minecraft.fence_gate":2,"stat.pickup.minecraft.pumpkin_seeds":4,"stat.pickup.minecraft.saddle":1,"stat.mineBlock.minecraft.soul_sand":12,"stat.pickup.ironchest.iron_chest":1,"stat.useItem.extrautils2.glasscutter":1,"stat.pickup.minecraft.mycelium":1,"stat.craftItem.ironfurnaces.diamond_furnace_idle":2,"stat.pickup.minecraft.blaze_rod":3,"stat.craftItem.securitycraft.keypad_item":8,"stat.pickup.minecraft.netherrack":19,"stat.pickup.minecraft.pumpkin":6,"stat.recordPlayed":2,"stat.pickup.iceandfire.myrmex_desert_chitin":46,"stat.useItem.minecraft.fish":1,"stat.pickup.securitycraft.door_indestructible_iron_item":5,"stat.craftItem.iceandfire.armor_red_helmet":1,"stat.mineBlock.iceandfire.dragonforge_fire_core_disabled":1,"stat.mineBlock.minecraft.ice":4,"stat.useItem.chisel.futura":8,"stat.mineBlock.iceandfire.fire_lily":1,"stat.craftItem.minecraft.iron_hoe":1,"stat.useItem.minecraft.experience_bottle":3,"stat.pickup.minecraft.melon_seeds":13,"stat.pickup.minecraft.melon":39,"stat.killEntity.myrmex_queen":1,"stat.useItem.securitycraft.reinforced_stone_button":10,"stat.pickup.chisel.futura":2,"stat.pickup.zawa.reptile_meat_cooked":2,"stat.useItem.minecraft.furnace":42,"stat.pickup.byg.orangedaisy":2,"stat.craftItem.extrautils2.ingredients":22,"stat.pickup.minecraft.iron_leggings":7,"stat.mineBlock.minecraft.snow":16,"stat.craftItem.securitycraft.scanner_trapdoor":1,"stat.mineBlock.minecraft.gravel":368,"stat.mineBlock.iceandfire.dragonforge_fire_core":3,"stat.pickup.zawa.dried_bamboo":2,"stat.craftItem.minecraft.leather":14,"stat.drop.minecraft.iron_axe":2,"stat.useItem.minecraft.torch":53,"stat.craftItem.minecraft.redstone_block":67,"stat.craftItem.minecraft.stone_stairs":24,"stat.pickup.minecraft.crafting_table":15,"stat.useItem.minecraft.log":130,"stat.craftItem.minecraft.crafting_table":23,"stat.craftItem.minecraft.boat":14,"stat.pickup.minecraft.iron_hoe":2,"stat.mineBlock.minecraft.emerald_ore":18,"stat.killEntity.dread_scuttler":1,"stat.pickup.minecraft.redstone_block":16,"stat.pickup.minecraft.compass":3,"stat.drop.minecraft.stonebrick":1,"stat.pickup.zawa.large_sea_anemone":1,"stat.craftItem.minecraft.stone_button":75,"stat.pickup.minecraft.web":8,"stat.pickup.minecraft.sapling":8,"stat.pickup.roost.chicken":9,"stat.useItem.minecraft.birch_door":2,"stat.craftItem.iceandfire.dragonscale_bronze":7,"stat.pickup.minecraft.beetroot":71,"stat.mineBlock.iceandfire.goldpile":81,"stat.killEntity.WitherSkeleton":11,"stat.pickup.roost.catcher":1,"stat.useItem.minecraft.baked_potato":274,"stat.pickup.minecraft.stone_slab":59,"stat.pickup.minecraft.yellow_flower":27,"stat.craftItem.minetraps.obstacle":3,"stat.craftItem.minecraft.diamond_chestplate":1,"stat.pickup.zawa.bird_meat_cooked":1,"stat.pickup.minecraft.bone":210,"stat.horseOneCm":279654,"stat.killEntity.myrmex_sentinel":3,"stat.useItem.betteranimalsplus.turkey_leg_cooked":2,"stat.useItem.minecraft.diamond_sword":1373,"stat.craftItem.extrautils2.glasscutter":1,"stat.useItem.mowziesmobs.glowing_jelly":1,"stat.climbOneCm":233618,"stat.drop.chisel.limestone2":1,"stat.enderchestOpened":3,"stat.pickup.zawa.bird_meat":6,"stat.mineBlock.futuremc.bee_nest":1,"stat.pickup.minecraft.anvil":3,"stat.craftItem.minecraft.trapdoor":4,"stat.craftItem.minecraft.stone_pickaxe":5,"stat.pickup.minecraft.cobblestone":5298,"stat.craftItem.minecraft.glass_bottle":15,"stat.pickup.minecraft.soul_sand":7,"stat.useItem.minecraft.cooked_beef":4,"stat.pickup.minecraft.cactus":6,"stat.pickup.minecraft.redstone":1621,"stat.mineBlock.minecraft.iron_ore":528,"stat.craftItem.minecraft.book":13,"stat.pickup.securitycraft.keypad_item":7,"stat.useItem.iceandfire.ash":8,"stat.craftItem.extrautils2.screen":1,"stat.drop.minecraft.iron_bars":1,"stat.drop.minecraft.dirt":3,"stat.useItem.minecraft.cooked_porkchop":46,"stat.pickup.minecraft.iron_shovel":1,"stat.pickup.minecraft.carpet":15,"stat.pickup.minecraft.diamond_shovel":11,"stat.killEntity.betteranimalsplus.turkey":3,"stat.mineBlock.minecraft.grass":441,"stat.mineBlock.zawa.mixed_coral_plates":1,"stat.pickup.minecraft.paper":133,"stat.entityKilledBy.myrmex_soldier":1,"stat.craftItem.minecraft.stick":196,"stat.useItem.extrautils2.passivegenerator":58,"stat.craftItem.minecraft.gold_nugget":27,"stat.craftItem.globalxp.xp_block":2,"stat.pickup.minecraft.grass":679,"stat.killEntity.myrmex_soldier":3,"stat.pickup.iceandfire.dragonbone_sword_fire":4,"stat.craftItem.iceandfire.armor_gray_chestplate":1,"stat.craftItem.ironfurnaces.gold_furnace_idle":2,"stat.pickup.minecraft.diamond_chestplate":9,"stat.pickup.chococraft.gysahl_green_seeds":15,"stat.mineBlock.minecraft.planks":115,"stat.drop":42,"stat.killEntity.cyclops":1,"stat.killEntity.Sheep":30,"stat.useItem.minecraft.melon_seeds":11,"stat.craftItem.securitycraft.universal_block_remover":3,"stat.drop.minecraft.bread":3,"stat.mineBlock.minecraft.anvil":2,"stat.useItem.minecraft.apple":3,"stat.mineBlock.zawa.amazon_sword":2,"stat.useItem.minecraft.carpet":9,"stat.useItem.minecraft.potion":2,"stat.pickup.minecraft.fence":48,"stat.useItem.minecraft.stone_axe":1,"stat.mineBlock.craftingstation.crafting_station":6,"stat.craftItem.minecraft.iron_helmet":3,"stat.pickup.zawa.pyropia":1,"stat.useItem.zawa.reptile_meat_cooked":1,"stat.pickup.zawa.carnivore_meat_cooked":3,"stat.boatOneCm":1701035,"stat.craftItem.minecraft.flint_and_steel":1,"stat.mineBlock.minecraft.leaves2":5,"stat.mineBlock.minecraft.stone_stairs":20,"stat.craftItem.minecraft.iron_bars":272,"stat.mineBlock.minecraft.furnace":29,"stat.mineBlock.iceandfire.chared_cobblestone":33,"stat.pickup.minecraft.prismarine_shard":6,"stat.killEntity.CaveSpider":4,"stat.pickup.iceandfire.siren_flute":8,"stat.useItem.tombstone.grave_key":171,"stat.pickup.minecraft.oak_stairs":2,"stat.damageDealt":205460,"stat.killEntity.dread_beast":2,"stat.useItem.minecraft.crafting_table":3,"stat.mineBlock.iceandfire.chared_dirt":2,"stat.pickup.minecraft.boat":2,"stat.pickup.dynamictrees.birchseed":47,"stat.pickup.minecraft.stick":757,"stat.pickup.betteranimalsplus.turkey_leg_cooked":2,"stat.craftItem.minecraft.diamond_boots":2,"stat.pickup.betteranimalsplus.pheasantraw":5,"stat.craftItem.minecraft.redstone":549,"stat.mineBlock.zawa.large_sea_anemone":1,"stat.useItem.minecraft.cactus":2,"stat.killEntity.Chicken":24,"stat.pickup.zawa.karvy":1,"stat.mineBlock.minecraft.quartz_ore":43,"stat.craftItem.roost.collector":1,"stat.craftItem.minecraft.fence":342,"stat.useItem.minecraft.golden_apple":1,"stat.mineBlock.minecraft.leaves":30,"stat.mineBlock.minecraft.hay_block":64,"stat.mineBlock.byg.spruceleavesorange":2,"stat.pickup.iceandfire.ice_dragon_blood":1,"stat.leaveGame":33,"stat.pickup.betteranimalsplus.goose_egg":14,"stat.mineBlock.minecraft.sandstone":82,"stat.craftItem.minecraft.ender_eye":3,"stat.pickup.zawa.worm":80,"stat.craftItem.minecraft.shield":2,"stat.pickup.minecraft.leaves2":3,"stat.pickup.zawa.pangolin_scale":3,"stat.useItem.ironfurnaces.diamond_furnace_idle":2,"stat.pickup.iceandfire.witherbone":2,"stat.pickup.iceandfire.chared_cobblestone":34,"stat.craftItem.iceandfire.dragon_flute":1,"stat.mineBlock.minecraft.wooden_slab":1,"stat.pickup.betteranimalsplus.turkey_leg_raw":5,"stat.killEntity.Witch":8,"stat.pickup.chisel.chisel_iron":3,"stat.pickup.iceandfire.frozen_grass":1,"stat.killEntity.myrmex_worker":5,"stat.craftItem.minecraft.wooden_pickaxe":2,"stat.craftItem.minecraft.iron_door":6,"stat.craftItem.minecraft.bed":3,"stat.mineBlock.minecraft.vine":15,"stat.mineBlock.minecraft.rail":16,"stat.useItem.minecraft.pumpkin_seeds":6,"stat.killEntity.ZombieVillager":6,"stat.pickup.mowziesmobs.painted_acacia_slab":2,"stat.pickup.iceandfire.manuscript":7,"stat.craftItem.roost.breeder":6,"stat.pickup.minecraft.beef":7,"stat.craftItem.zawa.bird_meat_cooked":2,"stat.pickup.minecraft.cauldron":2,"stat.useItem.minecraft.trapdoor":3,"stat.mineBlock.minecraft.stained_hardened_clay":26,"stat.pickup.mowziesmobs.wrought_helmet":3,"stat.pickup.securitycraft.reinforced_planks":4,"stat.pickup.minecraft.potion":2,"stat.pickup.mowziesmobs.barakoa_mask_rage":11,"stat.pickup.tombstone.scroll_buff":3,"stat.pickup.securitycraft.universal_block_reinforcer_lvl1":8,"stat.useItem.minecraft.dye":87,"stat.pickup.byg.sodalite":7,"stat.mineBlock.minecraft.stone_pressure_plate":1,"stat.useItem.minecraft.nether_brick":52,"stat.craftItem.craftingstation.crafting_station":3,"stat.pickup.zawa.care_guide":4,"stat.pickup.chisel.marble2":169,"stat.mineBlock.minecraft.tallgrass":253,"stat.craftItem.roost.roost":1,"stat.killEntity.betteranimalsplus.goose":3,"stat.useItem.minecraft.stone":69,"stat.pickup.minecraft.arrow":876,"stat.killEntity.Ghast":7,"stat.mineBlock.chisel.ironpane":12,"stat.useItem.minecraft.clay":27,"stat.drop.minecraft.iron_pickaxe":2,"stat.pickup.zawa.tiger_fur":1,"stat.pickup.chisel.basalt2":23,"stat.mineBlock.minecraft.chest":3,"stat.pickup.minecraft.painting":132,"stat.mineBlock.futuremc.lily_of_the_valley":1,"stat.craftItem.minecraft.hopper":1,"stat.pickup.iceandfire.myrmex_desert_resin":86,"stat.pickup.minecraft.nether_brick_fence":4,"stat.useItem.chisel.marble2":8,"stat.useItem.minecraft.reeds":30,"stat.mineBlock.caves_and_cliffs.copper_ore":10,"stat.pickup.minecraft.wheat_seeds":948,"stat.mineBlock.minecraft.glass":23,"stat.mineBlock.minecraft.dirt":1231,"stat.pickup.tombstone.voodoo_poppet":1,"stat.pickup.minecraft.poisonous_potato":1,"stat.pickup.minecraft.brewing_stand":2,"stat.useItem.minecraft.bread":116,"stat.useItem.minecraft.cobblestone":1315,"stat.mineBlock.byg.orangedaisy":1,"stat.useItem.minecraft.gravel":51,"stat.mineBlock.minecraft.double_plant":51,"stat.mineBlock.chisel.futura":2,"stat.craftItem.zawa.bullet_rifle":9,"stat.pickup.iceandfire.myrmex_desert_egg":2,"stat.pickup.minecraft.iron_pickaxe":2,"stat.craftItem.minecraft.gold_ingot":110,"stat.useItem.securitycraft.scanner_door_item":1,"stat.craftItem.chisel.chisel_iron":1,"stat.pickup.iceandfire.fire_dragon_blood":28,"stat.pickup.minecraft.apple":17,"stat.craftItem.securitycraft.door_indestructible_iron_item":6,"stat.craftItem.minecraft.carrot_on_a_stick":1,"stat.pickup.minecraft.carrot_on_a_stick":1,"stat.itemEnchanted":3,"stat.pickup.iceandfire.dragonscales_green":81,"stat.useItem.betteranimalsplus.goose_egg":4,"stat.mineBlock.minecraft.log":10,"stat.useItem.minecraft.wooden_door":3,"stat.pickup.iceandfire.dragonbone":65,"stat.pickup.minecraft.red_flower":33,"stat.pickup.tombstone.dust_of_vanishing":1,"stat.pickup.minecraft.wool":42,"stat.cakeSlicesEaten":1,"stat.craftItem.minecraft.diamond_leggings":1,"stat.useItem.minecraft.iron_axe":526,"stat.killEntity.gorgon":4,"stat.mineBlock.minecraft.yellow_flower":8,"stat.craftItem.tombstone.grave_key":16,"stat.entityKilledBy.Witch":1,"stat.drop.roost.catcher":1,"stat.pickup.minecraft.enchanted_book":29,"stat.pickup.minecraft.glowstone":3,"stat.craftItem.minecraft.arrow":64,"stat.useItem.minecraft.obsidian":15,"stat.pickup.minecraft.sticky_piston":11,"stat.mineBlock.ironchest.iron_chest":1,"stat.pickup.minecraft.bow":19,"stat.mineBlock.twilightforest.dark_leaves":11,"stat.useItem.minecraft.egg":104,"stat.craftItem.minecraft.cooked_beef":4,"stat.mineBlock.minecraft.obsidian":31,"stat.pickup.minecraft.iron_trapdoor":1,"stat.craftItem.minecraft.bow":1,"stat.pickup.futuremc.sweet_berries":12,"stat.flyOneCm":6317736,"stat.pickup.minecraft.sandstone":89,"stat.pickup.minecraft.fish":2,"stat.timeSinceDeath":161184,"stat.killEntity.Bat":5,"stat.mineBlock.minecraft.enchanting_table":2,"stat.pickup.iceandfire.frozen_cobblestone":7,"stat.mineBlock.minecraft.coal_ore":550,"stat.pickup.minecraft.shield":4,"stat.talkedToVillager":220,"stat.pickup.extrautils2.ingredients":34,"stat.pickup.minecraft.string":114,"stat.mineBlock.minecraft.ladder":1,"stat.pickup.extrautils2.glasscutter":1,"stat.useItem.minecraft.diamond_shovel":2392,"stat.craftItem.props.clay":3,"stat.mineBlock.minecraft.diamond_ore":54,"tombstone:use_vanishing":1,"stat.pickup.zawa.sea_grass":2,"stat.pickup.zawa.gracilaria":1,"stat.useItem.minecraft.ladder":14,"stat.pickup.minecraft.snowball":113,"stat.pickup.iceandfire.chared_dirt":28,"stat.craftItem.securitycraft.scanner_door_item":2,"stat.entityKilledBy.myrmex_royal":1,"stat.diveOneCm":899654,"stat.craftItem.minecraft.ladder":21,"stat.mineBlock.minecraft.stone_button":1,"stat.craftItem.minecraft.diamond_sword":1,"stat.jump":45613,"stat.useItem.minecraft.sand":93,"stat.pickup.iceandfire.chared_gravel":3,"stat.mineBlock.roost.roost":1,"stat.useItem.minecraft.glass":257,"stat.pickup.minecraft.gold_ore":96,"stat.mineBlock.minecraft.glass_pane":6,"stat.damageTaken":61859,"stat.mineBlock.iceandfire.myrmex_desert_biolight":1,"stat.mineBlock.minecraft.melon_block":7,"stat.craftItem.betteranimalsplus.pheasantcooked":5,"stat.useItem.minecraft.carrot_on_a_stick":3,"stat.pickup.minecraft.log2":60,"stat.pickup.minecraft.bed":12,"stat.pickup.minecraft.potato":180,"stat.entityKilledBy.Zombie":9,"stat.pickup.iceandfire.chared_grass":29,"stat.killEntity.Silverfish":237,"stat.mineBlock.twilightforest.root":1,"stat.useItem.minecraft.air":588,"stat.craftItem.securitycraft.universal_block_reinforcer_lvl1":7,"stat.animalsBred":3,"stat.useItem.minecraft.chest":3,"stat.useItem.securitycraft.reinforced_stone_brick":8,"stat.craftItem.minecraft.iron_chestplate":3,"stat.pickup.minecraft.baked_potato":234,"stat.killEntity.if_troll":8,"stat.pickup.caves_and_cliffs.copper_ore":10,"stat.pickup.iceandfire.desert_myrmex_cocoon":1,"stat.craftItem.mca.rose_gold_block":10,"stat.entityKilledBy.icedragon":1,"stat.pickup.minecraft.ender_pearl":16,"stat.pickup.minecraft.ladder":29,"stat.useItem.minecraft.netherrack":3,"stat.useItem.iceandfire.chared_grass":1,"stat.mineBlock.minecraft.tnt":35,"stat.craftItem.minecraft.bookshelf":37,"stat.mineBlock.minecraft.stonebrick":186,"stat.pickup.iceandfire.troll_skull":3,"stat.killEntity.twilightforest.bighorn_sheep":1,"stat.mineBlock.minecraft.glowstone":15,"stat.craftItem.minecraft.shears":3,"stat.pickup.securitycraft.reinforced_stone_button":90,"stat.pickup.props.props":3,"stat.pickup.minecraft.torch":118,"stat.entityKilledBy.Silverfish":1,"stat.drop.minecraft.diamond_shovel":2,"stat.killEntity.firedragon":12,"stat.pickup.betteranimalsplus.antler":6,"stat.pigOneCm":15951,"stat.useItem.iceandfire.dragonbone_sword":255,"stat.craftItem.minecraft.iron_axe":3,"stat.mineBlock.twilightforest.twilight_plant":20,"stat.craftItem.zawa.bush_meat_cooked":2,"stat.useItem.minecraft.planks":480,"stat.useItem.tombstone.familiar_stone":8,"stat.pickup.minecraft.porkchop":102,"stat.pickup.ironfurnaces.diamond_furnace_idle":2,"stat.pickup.minecraft.glass":85,"stat.pickup.securitycraft.reinforced_iron_trapdoor":12,"stat.useItem.minecraft.water_bucket":4,"stat.craftItem.iceandfire.forest_troll_leather_helmet":2,"stat.pickup.minecraft.sand":938,"stat.craftItem.minecraft.golden_apple":2,"stat.pickup.iceandfire.troll_leather_forest":13,"stat.pickup.dynamictrees.spruceseed":4,"stat.entityKilledBy.firedragon":57,"stat.mineBlock.biomesoplenty.ash_block":20,"stat.craftItem.extrautils2.resonator":1,"stat.pickup.iceandfire.ash":14,"stat.craftItem.minecraft.blaze_powder":6,"stat.useItem.securitycraft.reinforced_cobblestone":21,"stat.craftItem.securitycraft.reinforced_stone_button":24,"stat.useItem.minecraft.oak_stairs":16,"stat.entityKilledBy.if_troll":1,"stat.pickup.iceandfire.dragon_skull":3,"stat.pickup.minecraft.fence_gate":1,"stat.pickup.minecraft.furnace":36,"stat.craftItem.iceandfire.dragonscale_green":11,"stat.pickup.mowziesmobs.wrought_axe":7,"stat.pickup.minecraft.iron_chestplate":7,"stat.useItem.minecraft.stone_stairs":33,"stat.pickup.minecraft.skull":12,"stat.pickup.tombstone.magic_scroll":35,"stat.mineBlock.extrautils2.passivegenerator":1,"stat.mineBlock.iceandfire.ash":4,"stat.pickup.twilightforest.arctic_fur":2,"stat.pickup.chisel.ironpane":18,"stat.craftItem.ironchest.iron_chest":6,"stat.craftItem.minecraft.heavy_weighted_pressure_plate":8,"stat.mineBlock.minecraft.oak_stairs":2,"stat.pickup.zawa.small_sea_anemone":1,"stat.mineBlock.iceandfire.chared_gravel":2,"stat.playOneMinute":3055918,"stat.pickup.minecraft.birch_door":4,"stat.mineBlock.minecraft.brown_mushroom_block":2,"stat.pickup.minecraft.iron_bars":66,"stat.craftItem.mca.engagement_ring":1,"stat.mineBlock.minecraft.netherrack":30,"stat.pickup.zawa.toxin_sac":2,"stat.craftItem.iceandfire.dragonbone_sword":2,"stat.killEntity.myrmex_royal":4,"stat.craftItem.iceandfire.siren_flute":1,"stat.pickup.minecraft.cooked_chicken":3,"stat.fallOneCm":874192,"stat.craftItem.minecraft.chest":14,"stat.pickup.minecraft.red_mushroom":11,"stat.useItem.minecraft.iron_hoe":88,"stat.craftItem.iceandfire.armor_gray_leggings":1,"stat.pickup.minecraft.feather":61,"stat.mineBlock.zawa.small_sea_anemone":1,"stat.pickup.minecraft.record_cat":4,"stat.craftItem.mca.rose_gold_ingot":63,"stat.pickup.iceandfire.dragonscales_red":237,"stat.pickup.zawa.kelp":73,"stat.useItem.minecraft.stone_pickaxe":508,"stat.useItem.minecraft.stone_sword":204,"stat.craftItem.minecraft.iron_leggings":4,"stat.craftItem.iceandfire.armor_gray_boots":1,"stat.craftItem.minecraft.oak_stairs":16,"stat.pickup.zawa.large_meat_cooked":1,"stat.useItem.minecraft.iron_bars":423,"stat.pickup.minecraft.record_13":1,"stat.mineBlock.minecraft.monster_egg":56,"stat.drop.minecraft.stone_brick_stairs":1,"stat.pickup.mowziesmobs.ice_crystal":5,"stat.useItem.ironchest.iron_chest":1,"stat.killEntity.LavaSlime":1,"stat.pickup.minecraft.log":685,"stat.useItem.zawa.bush_meat_cooked":2,"stat.pickup.securitycraft.reinforced_oak_fence":6,"stat.craftItem.zawa.large_meat_cooked":4,"stat.pickup.zawa.bamboo":2,"stat.pickup.ironfurnaces.gold_furnace_idle":2,"stat.pickup.minecraft.wooden_door":7,"stat.entityKilledBy.Enderman":1,"stat.pickup.iceandfire.dragonscales_gray":49,"stat.mineBlock.minecraft.iron_block":2,"stat.pickup.minecraft.diamond_helmet":15,"stat.craftItem.props.props":1,"stat.drop.securitycraft.universal_block_remover":1,"stat.craftItem.minecraft.cooked_chicken":17,"stat.pickup.iceandfire.pixie_house":4,"stat.useItem.minecraft.beetroot_seeds":21,"stat.sneakTime":134059,"stat.mineBlock.minecraft.cobblestone_wall":1,"stat.entityKilledBy.Blaze":2,"stat.pickup.iceandfire.dread_sword":1,"stat.useItem.minecraft.beetroot":32,"stat.pickup.minecraft.chest":3,"stat.craftItem.minecraft.enchanting_table":1,"stat.pickup.zawa.amazon_sword":2,"stat.pickup.minecraft.stone_pressure_plate":2,"stat.craftItem.minecraft.stone_brick_stairs":76,"stat.mineBlock.mowziesmobs.painted_acacia":1,"stat.craftItem.minecraft.iron_trapdoor":1,"stat.swimOneCm":893266,"stat.useItem.minecraft.dirt":732,"stat.killEntity.betteranimalsplus.boar":7,"stat.pickup.minecraft.enchanting_table":2,"stat.mineBlock.zawa.dried_bamboo":3,"stat.mineBlock.minecraft.magma":2,"stat.mineBlock.minecraft.carpet":15,"stat.mineBlock.chisel.limestone2":67,"stat.useItem.tombstone.scroll_buff":2,"stat.pickup.minecraft.clay":29,"stat.pickup.minecraft.glass_bottle":1,"stat.craftItem.iceandfire.dragon_horn":1,"stat.drop.minecraft.log":1,"stat.pickup.minecraft.mutton":60,"stat.craftItem.iceandfire.dragonscale_gray":2,"stat.pickup.minecraft.stonebrick":336,"stat.mineBlock.minecraft.nether_brick":69,"stat.mineBlock.ironfurnaces.diamond_furnace_idle":2,"stat.useItem.chisel.ironpane":8,"stat.craftItem.iceandfire.armor_red_chestplate":1,"stat.killEntity.dread_thrall":2,"stat.useItem.minecraft.stone_slab":1,"stat.craftItem.minecraft.stone":1424,"stat.mineBlock.minecraft.crafting_table":10,"stat.useItem.minecraft.diamond_pickaxe":10282,"stat.useItem.minecraft.carrot":124,"stat.useItem.minecraft.wooden_shovel":59,"stat.pickup.securitycraft.mine":6,"stat.pickup.minecraft.stone_button":1,"stat.craftItem.minecraft.diamond_pickaxe":2,"stat.craftItem.securitycraft.retinal_scanner":3,"stat.mineBlock.iceandfire.desert_myrmex_cocoon":1,"stat.pickup.minecraft.gravel":488,"stat.entityKilledBy.Guardian":2,"stat.pickup.minecraft.stone_brick_stairs":27,"stat.pickup.minecraft.diamond_sword":10,"stat.pickup.minecraft.iron_helmet":3,"stat.craftItem.minecraft.bread":190,"stat.pickup.minecraft.spider_eye":28,"stat.pickup.minecraft.diamond_ore":3,"stat.useItem.minecraft.cooked_chicken":16,"stat.pickup.minecraft.iron_ore":544,"stat.entityKilledBy.siren":2,"stat.pickup.iceandfire.shiny_scales":19,"stat.mineBlock.mca.rose_gold_ore":74,"stat.mineBlock.minecraft.iron_bars":48,"stat.pickup.minecraft.leaves":2,"stat.pickup.minecraft.leather":46,"stat.drop.minecraft.iron_hoe":1,"stat.useItem.minecraft.wooden_pickaxe":101,"stat.mineBlock.minecraft.mycelium":4,"stat.pickup.globalxp.xp_block":1,"stat.pickup.minecraft.reeds":86,"stat.pickup.minecraft.prismarine_crystals":16,"tombstone:undead_killed":388,"stat.mineBlock.minetraps.obstacle":1,"stat.craftItem.minecraft.glass":300,"stat.sleepInBed":20,"stat.craftItem.minecraft.baked_potato":200,"stat.killEntity.Cow":3,"stat.killEntity.Pig":31,"stat.craftItem.minecraft.iron_sword":6,"stat.pickup.zawa.rat_raw":1,"stat.walkOneCm":10356959,"stat.playerKills":3,"stat.pickup.minecraft.clay_ball":132,"stat.mineBlock.minecraft.trapped_chest":3,"stat.pickup.securitycraft.reinforced_stone_brick":26,"stat.mineBlock.chisel.basalt2":85,"stat.pickup.minecraft.tnt":67,"stat.pickup.minecraft.stone":1910,"stat.pickup.biomesoplenty.fleshchunk":1,"stat.mineBlock.minecraft.packed_ice":12,"stat.craftItem.iceandfire.dragonscales_green":27,"stat.pickup.minecraft.gold_ingot":129,"stat.killEntity.Skeleton":145,"stat.mineBlock.minecraft.cactus":2,"stat.killEntity.Spider":48,"stat.pickup.minecraft.bread":947,"stat.craftItem.iceandfire.armor_red_boots":1,"stat.pickup.minecraft.quartz":84,"stat.mineBlock.minecraft.redstone_ore":1,"stat.craftItem.minecraft.coal_block":1,"stat.mineBlock.minecraft.stone":9495,"stat.useItem.minecraft.sandstone":23}