{"stat.useItem.zawa.orca":7,"stat.useItem.minecraft.quartz_block":70,"stat.useItem.dynamictrees.appleseed":2,"stat.drop.minecraft.gunpowder":1,"stat.killEntity.betteranimalsplus.goat":7,"stat.pickup.extrautils2.redorchid":3,"stat.pickup.tombstone.familiar_stone":15,"stat.pickup.minecraft.dark_oak_boat":5,"stat.mineBlock.minecraft.stained_glass":6,"stat.craftItem.mowziesmobs.naga_fang_dagger":1,"stat.mineBlock.minetraps.nail_trap":3,"stat.mineBlock.minecraft.web":41,"stat.useItem.extrautils2.goldenlasso":7,"stat.craftItem.extrautils2.endershard":32,"stat.drop.minecraft.iron_sword":4,"stat.pickup.minecraft.rotten_flesh":542,"stat.useItem.minecraft.diamond_hoe":4,"amalgalich.learn":1,"stat.useItem.chisel.marble":15,"belph.learn":1,"stat.pickup.minecraft.bucket":3,"stat.killEntity.Enderman":26,"stat.mineBlock.byg.witchhazelleavesblooming":2,"stat.useItem.dynamictrees.dirtbucket":4,"stat.pickup.zawa.reptile_hide":1,"stat.killEntity.betteranimalsplus.brownbear":2,"stat.craftItem.minecraft.iron_shovel":6,"stat.mineBlock.extrautils2.redorchid":1,"stat.pickup.minecraft.brown_mushroom":15,"stat.useItem.zawa.carnivore_meat_cooked":2,"stat.useItem.aether_legacy.aether_portal_frame":1,"stat.useItem.minecraft.iron_pickaxe":2131,"stat.pickup.securitycraft.universal_block_remover":32,"stat.pickup.minecraft.stained_hardened_clay":2,"stat.pickup.minecraft.double_plant":20,"stat.pickup.dynamictrees.darkoakseed":1,"stat.pickup.zawa.mixed_coral_plates":4,"stat.craftItem.minecraft.glass_pane":96,"stat.mineBlock.chisel.marble2":814,"stat.mineBlock.chisel.marble1":23,"stat.furnaceInteraction":1084,"stat.pickup.minecraft.nether_brick":35,"stat.craftItem.chococraft.chocobo_whistle":1,"stat.pickup.zawa.large_meat_raw":3,"lobber.learn":1,"stat.craftItem.futuremc.dye":3,"stat.useItem.minecraft.fence":45,"stat.craftItem.connectedglass.clear_glass_pane":16,"stat.pickup.mca.rose_gold_ore":49,"stat.mineBlock.extrautils2.decorativesolid":1,"stat.pickup.tombstone.gift":6,"stat.useItem.lycanitesmobs.soulkey":5,"stat.useItem.minecraft.flint_and_steel":16,"stat.mineBlock.minecraft.fence":40,"stat.craftItem.zawa.carnivore_meat_cooked":2,"stat.useItem.minecraft.wheat_seeds":151,"aegis.learn":1,"stat.killEntity.betteranimalsplus.zotzpyre":2,"stat.pickup.minecraft.emerald":43,"stat.craftItem.securitycraft.laser_block":7,"stat.pickup.dynamictrees.oakseed":393,"nymph.kill":2,"stat.deaths":104,"stat.pickup.securitycraft.reinforced_dirt":21,"stat.pickup.mowziesmobs.barakoa_mask_fury":5,"stat.pickup.minecraft.egg":11,"geist.learn":1,"stat.craftItem.minecraft.iron_pickaxe":8,"stat.pickup.minecraft.glass_pane":4,"stat.pickup.zawa.cetacean_meat_raw":5,"stat.drop.minecraft.iron_ingot":1,"stat.fishCaught":70,"stat.pickup.dungeontactics.bag_food":1,"stat.chestOpened":770,"stat.craftItem.minecraft.sign":6,"stat.pickup.minecraft.iron_sword":5,"stat.useItem.minecraft.grass":8,"stat.pickup.minecraft.gold_nugget":417,"stat.craftItem.minecraft.coal":183,"geist.kill":3,"stat.craftItem.dynamictrees.appleseed":3,"stat.useItem.tombstone.fishing_rod_of_misadventure":7,"stat.pickup.minecraft.carrot":756,"stat.pickup.lycanitesmobs.doomfireballcharge":6,"stat.crouchOneCm":3587610,"stat.craftItem.minecraft.iron_ingot":539,"stat.pickup.minecraft.ender_chest":1,"stat.pickup.craftingstation.crafting_station":6,"stat.craftingTableInteraction":416,"stat.craftItem.extrautils2.decorativesolid":92,"stat.useItem.vending.vendingmachineadvanced":14,"stat.pickup.securitycraft.keypad_chest":1,"stat.drop.minecraft.double_plant":1,"stat.pickup.zawa.ostritch_fern":2,"stat.pickup.minecraft.dye":500,"stat.pickup.minecraft.planks":431,"stat.pickup.chisel.limestone2":574,"stat.useItem.chococraft.chocobo_spawn_egg":2,"stat.craftItem.roost.catcher":1,"reaper.learn":1,"stat.craftItem.extrautils2.pipe":128,"stat.pickup.tombstone.scroll_of_knowledge":1,"stat.useItem.mowziesmobs.wrought_axe":8,"stat.flowerPotted":1,"stat.pickup.betteranimalsplus.boarhead_4":1,"stat.pickup.betteranimalsplus.boarhead_1":10,"stat.drop.minecraft.rotten_flesh":15,"stat.pickup.minecraft.magma":4,"stat.useItem.dynamictrees.oakseed":188,"stat.pickup.securitycraft.reinforced_stone":66,"stat.useItem.minecraft.yellow_flower":25,"stat.pickup.minecraft.chicken":8,"tombstone:cast_on_ally":1,"stat.useItem.minecraft.glass_pane":47,"stat.drop.minecraft.fish":2,"stat.drop.dynamictrees.oakseed":4,"stat.craftItem.minecraft.bucket":9,"stat.useItem.minecraft.iron_sword":381,"stat.craftItem.minecraft.planks":1272,"stat.useItem.securitycraft.universal_block_remover":168,"stat.craftItem.minecraft.fishing_rod":1,"stat.pickup.minecraft.book":183,"stat.useItem.minecraft.stonebrick":46,"stat.useItem.connectedglass.clear_glass":141,"stat.killEntity.betteranimalsplus.badger":1,"stat.pickup.extrautils2.pipe":6,"stat.pickup.minecraft.tripwire_hook":1,"stat.mineBlock.minecraft.cobblestone":422,"stat.mineBlock.minecraft.pumpkin":11,"stat.pickup.minecraft.flint":21,"stat.pickup.minecraft.flower_pot":5,"stat.mineBlock.minecraft.stained_glass_pane":56,"stat.drop.minecraft.cobblestone":34,"stat.pickup.minecraft.cooked_porkchop":215,"stat.killEntity.techguns.ZombieSoldier":2,"stat.mineBlock.chisel.marble":1,"stat.useItem.chococraft.gysahl_green":2,"stat.pickup.betteranimalsplus.wolf_pelt_red":3,"stat.pickup.forge.bucketfilled":9,"stat.pickup.minecraft.iron_boots":14,"stat.craftItem.minecraft.furnace":12,"behemoth.learn":1,"stat.craftItem.minecraft.iron_boots":3,"stat.mineBlock.zawa.ostritch_fern":2,"stat.mineBlock.minecraft.clay":3,"stat.pickup.minecraft.diamond_leggings":11,"stat.useItem.extrautils2.decorativesolid":1,"stat.craftItem.extrautils2.passivegenerator":51,"stat.pickup.mowziesmobs.glowing_jelly":2,"stat.drop.malisisdoors.rustyhatch":1,"stat.drop.minecraft.spider_eye":6,"stat.useItem.minecraft.wooden_slab":154,"stat.craftItem.minecraft.iron_block":3,"stat.useItem.roost.collector":1,"stat.craftItem.minecraft.stonebrick":156,"stat.pickup.securitycraft.keypad":1,"tombstone:tomb_raiding":1,"stat.killEntity.Creeper":60,"stat.craftItem.connectedglass.clear_glass":136,"stat.pickup.comforts.sleeping_bag":99,"stat.pickup.tombstone.crafting_ingredient":103,"stat.entityKilledBy.Skeleton":2,"stat.pickup.lycanitesmobs.raw_arisaur_meat":2,"stat.pickup.minecraft.birch_stairs":2,"stat.pickup.zawa.reptile_meat_raw":2,"stat.sprintOneCm":13666073,"stat.useItem.minetraps.fall_trap":18,"stat.craftItem.trashcans.item_trash_can":1,"stat.mineBlock.minecraft.stone_slab":11,"stat.useItem.tombstone.magic_scroll":4,"stat.pickup.extrautils2.passivegenerator":12,"stat.craftItem.extrautils2.indexer":1,"stat.pickup.extrautils2.decorativesolid":1,"trite.learn":1,"stat.pickup.minecraft.sugar":2,"stat.pickup.mca.engagement_ring_rg":2,"stat.drop.tombstone.grave_key":14,"stat.pickup.tombstone.grave_key":5,"stat.craftItem.minecraft.emerald":1,"stat.pickup.minecraft.iron_block":4,"stat.killEntity.Zombie":332,"stat.craftItem.minecraft.dye":98,"stat.mineBlock.ironfurnaces.iron_furnace_active":1,"stat.mineBlock.minecraft.gold_ore":113,"stat.drop.minecraft.diamond_pickaxe":1,"stat.pickup.byg.cherrylog":1,"stat.pickup.minecraft.wheat":119,"stat.mineBlock.minecraft.mossy_cobblestone":1,"stat.mineBlock.connectedglass.clear_glass":20,"stat.craftItem.ironfurnaces.iron_furnace_idle":2,"stat.pickup.minecraft.sign":9,"stat.useItem.byg.pink_sand":6,"stat.entityKilledBy.camocreepers:CamoCreeper":1,"stat.pickup.minecraft.obsidian":132,"stat.useItem.byg.soapstone":2,"stat.pickup.minecraft.coal":750,"stat.pickup.minecraft.iron_ingot":412,"stat.useItem.minecraft.dark_oak_boat":5,"stat.craftItem.securitycraft.iron_mine":2,"stat.drop.minecraft.diamond_sword":5,"stat.pickup.minecraft.gunpowder":206,"stat.pickup.minecraft.dirt":2636,"stat.drop.minecraft.iron_shovel":2,"stat.pickup.tombstone.fishing_rod_of_misadventure":1,"stat.mineBlock.minecraft.lapis_ore":70,"stat.pickup.malisisdoors.laboratory_door":2,"stat.killEntity.camocreepers:CamoCreeper":54,"stat.pickup.minecraft.iron_axe":30,"stat.mineBlock.minetraps.quicksand":4,"stat.craftItem.extrautils2.goldenlasso":1,"stat.mineBlock.minecraft.red_flower":6,"stat.mineBlock.minecraft.torch":234,"stat.pickup.minecraft.written_book":18,"stat.tradedWithVillager":3,"stat.pickup.minecraft.magma_cream":1,"stat.useItem.securitycraft.reinforced_stone":26,"stat.mineBlock.minecraft.fence_gate":1,"stat.drop.byg.redoaksapling":5,"stat.pickup.lycanitesmobs.faeboltcharge":1,"stat.useItem.lteleporters.endercrystal":7,"stat.pickup.chococraft.gysahl_green":1050,"stat.pickup.minecraft.record_wait":7,"stat.useItem.customnpcs.npcmobcloner":21,"stat.pickup.techguns.itemshared":197,"stat.mineBlock.securitycraft.dirt_mine":3,"stat.pickup.minecraft.diamond_pickaxe":20,"stat.useItem.minecraft.tnt":2,"stat.useItem.minecraft.lava_bucket":184,"stat.useItem.minecraft.gold_ore":2,"stat.useItem.tombstone.gift":3,"stat.useItem.securitycraft.reinforced_grass":82,"stat.pickup.minecraft.cooked_beef":61,"stat.useItem.minecraft.concrete":476,"stat.killEntity.Stray":3,"stat.mineBlock.minecraft.farmland":1,"stat.mineBlock.byg.soapstone":25,"stat.mineBlock.extrautils2.minichest":1,"stat.pickup.minecraft.dark_oak_stairs":31,"stat.mobKills":1320,"stat.pickup.minecraft.diamond_boots":11,"stat.mineBlock.minecraft.bookshelf":39,"stat.pickup.securitycraft.diamond_mine":1,"stat.drop.minecraft.written_book":3,"stat.useItem.minecraft.boat":6,"stat.pickup.minecraft.diamond":534,"stat.pickup.minecraft.beetroot_seeds":22,"stat.pickup.mowziesmobs.naga_fang":1,"stat.mineBlock.byg.pink_sand":26,"stat.useItem.byg.jacarandaplanks":7,"stat.mineBlock.byg.jacarandalog":1,"stat.killEntity.Blaze":46,"stat.drop.chisel.marble":1,"stat.pickup.minecraft.glowstone_dust":6,"stat.mineBlock.byg.spruceleavesred":8,"stat.pickup.betteranimalsplus.wolf_pelt_snowy":10,"stat.mineBlock.minecraft.stone_brick_stairs":1,"stat.drop.minecraft.poisonous_potato":5,"stat.pickup.minecraft.splash_potion":2,"stat.craftItem.securitycraft.cage_trap":1,"stat.pickup.betteranimalsplus.trillium":3,"stat.mineBlock.minecraft.snow_layer":100,"stat.pickup.mowziesmobs.barakoa_mask_misery":4,"stat.mineBlock.minecraft.sand":916,"stat.pickup.securitycraft.reinforced_cobblestone":5,"stat.killEntity.techguns.ZombieFarmer":3,"stat.drop.minecraft.diamond":5,"stat.pickup.minecraft.ghast_tear":3,"stat.trappedChestTriggered":28,"stat.mineBlock.minecraft.lapis_block":1,"stat.useItem.extrautils2.pipe":51,"stat.drop.minecraft.stained_hardened_clay":1,"stat.mineBlock.byg.thornblock":1,"stat.drop.minecraft.fishing_rod":1,"quillbeast.learn":1,"stat.mineBlock.byg.sonorancactusflowering":1,"stat.pickup.minecraft.stone_stairs":19,"stat.craftItem.minecraft.fence_gate":1,"stat.pickup.minecraft.golden_carrot":1,"stat.pickup.techguns.tfg":2,"stat.pickup.minecraft.saddle":11,"stat.mineBlock.minecraft.soul_sand":1,"stat.pickup.ironchest.iron_chest":14,"stat.craftItem.ironfurnaces.diamond_furnace_idle":2,"stat.pickup.minecraft.blaze_rod":24,"stat.craftItem.minecraft.diamond_block":21,"stat.craftItem.securitycraft.keypad_item":2,"stat.drop.minecraft.chest":1,"stat.craftItem.byg.jacarandaplanks":8,"stat.pickup.minecraft.netherrack":132,"stat.mineBlock.connectedglass.borderless_glass":2,"stat.pickup.minecraft.pumpkin":11,"stat.pickup.minecraft.spruce_door":6,"stat.recordPlayed":42,"stat.useItem.minecraft.fish":15,"stat.pickup.securitycraft.reinforced_iron_bars":3,"stat.pickup.minecraft.waterlily":1,"stat.pickup.securitycraft.door_indestructible_iron_item":5,"stat.mineBlock.minecraft.ice":7,"stat.pickup.chisel.marblepillar":1,"maug.learn":1,"stat.craftItem.minecraft.iron_hoe":4,"stat.pickup.byg.tamrelitegem":1,"stat.useItem.minecraft.experience_bottle":157,"stat.drop.minecraft.stone":39,"stat.useItem.vending.vendingmachinemultiple":1,"stat.pickup.chisel.technical1":63,"stat.drop.minecraft.gold_ore":1,"stat.craftItem.minetraps.fall_trap":29,"stat.killEntity.techguns.Bandit":3,"stat.drop.minecraft.bone":8,"stat.killEntity.techguns.ZombieMiner":3,"stat.useItem.minecraft.furnace":15,"stat.craftItem.extrautils2.indexerremote":1,"stat.craftItem.extrautils2.ingredients":26,"stat.pickup.minecraft.iron_leggings":16,"stat.pickup.lycanitesmobs.soulkey":2,"stat.mineBlock.minecraft.gravel":133,"stat.useItem.chisel.obsidian":78,"stat.useItem.minecraft.wool":2,"stat.pickup.zawa.mixed_stone":1,"stat.drop.minecraft.reeds":5,"arisaur.kill":1,"stat.drop.minecraft.iron_axe":2,"stat.pickup.minecraft.flint_and_steel":6,"stat.useItem.minecraft.torch":573,"stat.useItem.securitycraft.gold_mine":1,"stat.pickup.minecraft.iron_nugget":4,"stat.craftItem.minecraft.redstone_block":8,"stat.craftItem.minecraft.stone_stairs":220,"stat.pickup.minecraft.crafting_table":16,"stat.useItem.minecraft.log":79,"stat.craftItem.minecraft.crafting_table":6,"stat.pickup.minecraft.iron_hoe":1,"stat.mineBlock.minecraft.emerald_ore":20,"stat.pickup.minecraft.redstone_block":1,"stat.useItem.minecraft.cooked_fish":41,"stat.drop.minecraft.stonebrick":4,"stat.pickup.zawa.large_sea_anemone":1,"stat.drop.zawa.blubber":9,"stat.craftItem.minecraft.stone_button":8,"stat.drop.minecraft.planks":1,"stat.pickup.mca.rose_gold_ingot":42,"stat.pickup.minecraft.web":28,"stat.pickup.minecraft.sapling":9,"stat.pickup.roost.chicken":14,"stat.pickup.minecraft.beetroot":10,"stat.useItem.zawa.large_meat_raw":3,"stat.drop.comforts.sleeping_bag":2,"stat.pickup.minecraft.golden_sword":10,"stat.drop.minecraft.bucket":1,"stat.useItem.minecraft.baked_potato":1068,"stat.pickup.minecraft.stone_slab":74,"stat.pickup.minecraft.yellow_flower":49,"stat.pickup.byg.witchhazelleavesblooming":2,"stat.useItem.minecraft.fishing_rod":134,"stat.craftItem.minecraft.diamond_chestplate":1,"stat.pickup.minecraft.bone":415,"stat.pickup.minecraft.redstone_torch":10,"stat.horseOneCm":700450,"stat.drop.minecraft.red_mushroom":1,"stat.mineBlock.minecraft.brown_mushroom":1,"stat.useItem.minecraft.diamond_sword":1736,"stat.craftItem.minecraft.diamond_helmet":1,"stat.craftItem.extrautils2.glasscutter":1,"stat.useItem.mowziesmobs.glowing_jelly":1,"stat.climbOneCm":42201,"stat.craftItem.chococraft.straw_nest":1,"stat.mineBlock.byg.spruceleavesyellow":1,"stat.pickup.chisel.marble":1,"trite.kill":4,"stat.enderchestOpened":2,"stat.useItem.minecraft.redstone_torch":8,"stat.drop.minecraft.quartz":3,"stat.drop.securitycraft.camera_monitor":1,"stat.pickup.zawa.bird_meat":1,"stat.craftItem.extrautils2.largishchest":2,"stat.useItem.futuremc.netherite_sword":47,"stat.pickup.minecraft.anvil":6,"stat.craftItem.minecraft.stone_pickaxe":15,"stat.pickup.minecraft.cobblestone":5974,"stat.pickup.minetraps.nail_trap":3,"stat.craftItem.minecraft.glass_bottle":39,"stat.pickup.minecraft.soul_sand":2,"stat.useItem.minecraft.cooked_beef":68,"stat.pickup.minecraft.cactus":22,"stat.drop.minecraft.clay_ball":13,"stat.pickup.minecraft.redstone":347,"stat.mineBlock.minecraft.iron_ore":552,"stat.pickup.chisel.obsidian":964,"stat.drop.minecraft.coal":2,"stat.craftItem.extrautils2.screen":2,"stat.craftItem.securitycraft.furnace_mine":1,"stat.drop.minecraft.dirt":4,"stat.pickup.minecraft.iron_shovel":4,"stat.useItem.minecraft.cooked_porkchop":35,"stat.pickup.minecraft.carpet":1,"stat.mineBlock.betteranimalsplus.boarhead_1":2,"stat.pickup.chococraft.chocobo_feather":9,"stat.mineBlock.minecraft.grass":1094,"stat.pickup.zawa.blubber":11,"stat.mineBlock.zawa.mixed_coral_plates":1,"stat.pickup.minecraft.paper":3,"stat.craftItem.minecraft.stick":92,"stat.useItem.extrautils2.passivegenerator":109,"stat.pickup.minecraft.grass":18,"stat.craftItem.globalxp.xp_block":1,"stat.pickup.extrautils2.resonator":1,"stat.drop.tombstone.dust_of_vanishing":1,"stat.pickup.dungeontactics.bag_arbour":3,"stat.craftItem.ironfurnaces.gold_furnace_idle":2,"stat.pickup.minecraft.diamond_chestplate":11,"stat.pickup.chococraft.gysahl_green_seeds":1036,"stat.mineBlock.minecraft.planks":131,"stat.drop":477,"stat.pickup.minecraft.jukebox":1,"stat.killEntity.Sheep":12,"stat.craftItem.securitycraft.universal_block_remover":1,"pixen.learn":1,"stat.craftItem.chisel.block_charcoal2":1,"stat.mineBlock.byg.oakleavesred":1,"stat.pickup.techguns.t1_scout_leggings":1,"stat.mineBlock.minecraft.anvil":4,"stat.useItem.minecraft.apple":21,"stat.useItem.minetraps.quicksand":1,"stat.useItem.minecraft.porkchop":3,"stat.pickup.dungeontactics.bag_record":1,"stat.pickup.minecraft.fence":42,"stat.mineBlock.craftingstation.crafting_station":5,"calpod.learn":1,"stat.pickup.byg.scoria":36,"stat.craftItem.minecraft.iron_helmet":1,"stat.craftItem.securitycraft.universal_owner_changer":1,"stat.boatOneCm":1167700,"stat.mineBlock.chisel.glasspanedyedcyan":24,"stat.mineBlock.minecraft.stone_stairs":21,"stat.useItem.malisisdoors.laboratory_door":2,"stat.craftItem.minecraft.iron_bars":32,"stat.mineBlock.minecraft.furnace":14,"stat.pickup.minecraft.prismarine_shard":70,"stat.drop.minecraft.water_bucket":1,"stat.killEntity.CaveSpider":7,"stat.drop.chococraft.gysahl_green":6,"stat.useItem.tombstone.grave_key":47,"stat.pickup.minecraft.oak_stairs":4,"stat.craftItem.minetraps.bear_trap":6,"stat.mineBlock.securitycraft.diamond_mine":1,"stat.pickup.minecraft.stained_glass":8,"stat.damageDealt":302806,"stat.craftItem.minecraft.stone_shovel":6,"stat.pickup.minecraft.boat":7,"stat.pickup.dynamictrees.birchseed":14,"stat.pickup.minecraft.stick":1035,"stat.craftItem.minecraft.diamond_boots":1,"stat.mineBlock.zawa.large_sea_anemone":1,"stat.drop.chisel.glass":2,"stat.useItem.minecraft.cactus":1,"stat.craftItem.extrautils2.minichest":9,"stat.killEntity.Chicken":9,"stat.mineBlock.minecraft.quartz_ore":3,"stat.craftItem.roost.collector":2,"stat.drop.lycanitesmobs.soulcubeundead":1,"stat.drop.minecraft.filled_map":1,"stat.drop.minecraft.diamond_boots":1,"stat.craftItem.minecraft.fence":27,"stat.pickup.mowziesmobs.barakoa_mask_bliss":2,"stat.useItem.minecraft.golden_apple":3,"belph.kill":2,"stat.mineBlock.minecraft.leaves":49,"stat.pickup.byg.redoaksapling":5,"stat.pickup.byg.pink_sand":280,"stat.mineBlock.minecraft.bone_block":43,"stat.drop.tombstone.scroll_of_knowledge":1,"stat.pickup.minecraft.wooden_slab":2,"stat.mineBlock.byg.spruceleavesorange":1,"stat.leaveGame":135,"epion.learn":1,"stat.pickup.betteranimalsplus.goose_egg":71,"stat.pickup.extrautils2.indexerremote":43,"stat.mineBlock.minecraft.sandstone":5,"stat.craftItem.minecraft.ender_eye":5,"stat.drop.forge.bucketfilled":1,"stat.killEntity.PigZombie":74,"stat.pickup.zawa.worm":73,"djinn.learn":1,"stat.craftItem.minecraft.shield":1,"stat.drop.minecraft.feather":2,"stat.pickup.customnpcs.npcwand":2,"stat.craftItem.futuremc.campfire":2,"stat.craftItem.minetraps.chest_bomb":1,"stat.mineBlock.minecraft.wooden_slab":2,"stat.pickup.minecraft.leather_boots":1,"stat.drop.animania.entity_egg_random":1,"stat.killEntity.Witch":8,"stat.pickup.chisel.chisel_iron":2,"stat.craftItem.minecraft.iron_door":6,"stat.useItem.minecraft.iron_shovel":1483,"stat.drop.minecraft.chainmail_leggings":1,"stat.pickup.byg.sonorancactusflowering":4,"stat.craftItem.minecraft.bed":1,"stat.pickup.zawa.golden_sparks":1,"stat.mineBlock.minecraft.vine":2,"stat.pickup.thermalfoundation.material":1,"stat.mineBlock.minecraft.rail":1,"stat.craftItem.chococraft.chocopedia":1,"stat.killEntity.ZombieVillager":14,"stat.drop.securitycraft.door_indestructible_iron_item":1,"stat.pickup.minecraft.beef":302,"stat.useItem.minecraft.stained_glass":4,"stat.pickup.securitycraft.reinforced_planks":18,"stat.pickup.mowziesmobs.barakoa_mask_rage":3,"stat.pickup.tombstone.scroll_buff":2,"stat.pickup.minetraps.bear_trap":3,"stat.pickup.securitycraft.universal_block_reinforcer_lvl1":26,"stat.useItem.minecraft.dye":42,"stat.pickup.byg.sodalite":3,"stat.craftItem.craftingstation.crafting_station":1,"stat.pickup.zawa.raw_crab_leg":6,"stat.pickup.zawa.care_guide":3,"stat.pickup.chisel.marble1":28,"stat.useItem.securitycraft.camera_monitor":9,"stat.pickup.chisel.marble2":945,"stat.mineBlock.minecraft.tallgrass":120,"stat.useItem.minecraft.splash_potion":21,"stat.craftItem.roost.roost":1,"stat.killEntity.betteranimalsplus.goose":11,"stat.pickup.lycanitesmobs.soulcubeundead":4,"stat.useItem.minecraft.stone":268,"stat.useItem.malisisdoors.rustyhatch":3,"stat.pickup.minecraft.arrow":165,"stat.killEntity.Ghast":4,"afrit.learn":1,"stat.pickup.zawa.tiger_fur":2,"stat.pickup.chisel.basalt2":36,"stat.pickup.betteranimalsplus.bear_skin_brown":2,"stat.mineBlock.minecraft.chest":16,"ent.learn":1,"stat.useItem.byg.cherryplanks":3,"stat.pickup.minecraft.painting":36,"stat.craftItem.minecraft.hopper":2,"stat.useItem.chisel.marble1":74,"stat.useItem.chisel.marble2":838,"stat.useItem.byg.strawberry":2,"stat.mineBlock.caves_and_cliffs.copper_ore":2,"stat.pickup.byg.sonorancactus":63,"stat.pickup.minecraft.wheat_seeds":379,"stat.mineBlock.minecraft.glass":5,"stat.pickup.byg.jacarandaleaves":9,"djinn.kill":1,"stat.mineBlock.minecraft.dirt":1261,"stat.pickup.minecraft.poisonous_potato":22,"stat.pickup.lycanitesmobs.zephyrblade":3,"stat.useItem.minecraft.bread":5,"stat.pickup.minecraft.brewing_stand":1,"stat.useItem.minecraft.cobblestone":2078,"stat.pickup.byg.strawberry":2,"stat.useItem.minecraft.gravel":4,"stat.mineBlock.minecraft.double_plant":20,"stat.craftItem.tombstone.dust_of_vanishing":3,"stat.pickup.minecraft.iron_pickaxe":6,"stat.drop.minecraft.carrot":12,"stat.mineBlock.minecraft.end_rod":1,"stat.craftItem.minecraft.gold_ingot":105,"stat.useItem.securitycraft.scanner_door_item":2,"stat.craftItem.chisel.chisel_iron":3,"stat.pickup.minecraft.apple":167,"stat.craftItem.securitycraft.door_indestructible_iron_item":5,"stat.useItem.betteranimalsplus.goose_egg":61,"stat.mineBlock.minecraft.log":9,"stat.useItem.chisel.basalt2":1,"stat.pickup.dungeontactics.bag_quiver":3,"stat.pickup.minecraft.red_flower":27,"stat.pickup.minecraft.wool":72,"stat.drop.tombstone.familiar_stone":1,"stat.mineBlock.chisel.marblepillar":1,"stat.craftItem.minecraft.trapped_chest":1,"frostweaver.learn":1,"stat.pickup.securitycraft.reinforced_wool":7,"stat.craftItem.minecraft.diamond_leggings":1,"stat.useItem.minecraft.iron_axe":420,"stat.mineBlock.minecraft.yellow_flower":28,"stat.craftItem.tombstone.grave_key":15,"stat.craftItem.minecraft.wool":2,"stat.mineBlock.byg.purple_sand":1,"stat.pickup.zawa.animal_net":12,"stat.pickup.minecraft.enchanted_book":2,"stat.pickup.customnpcs.npcmobcloner":3,"stat.useItem.securitycraft.dirt_mine":5,"stat.useItem.minecraft.obsidian":1,"stat.mineBlock.ironchest.iron_chest":15,"stat.craftItem.connectedglass.borderless_glass":140,"stat.pickup.minecraft.bow":14,"stat.useItem.minecraft.egg":210,"stat.useItem.minetraps.bear_trap":5,"stat.craftItem.minecraft.cooked_beef":75,"stat.mineBlock.minecraft.obsidian":53,"stat.pickup.minecraft.shears":4,"stat.pickup.minecraft.diamond_hoe":2,"stat.flyOneCm":19085476,"stat.pickup.minecraft.sandstone":6,"stat.pickup.minecraft.fish":72,"stat.craftItem.extrautils2.grocket":4,"stat.craftItem.minecraft.stained_glass":72,"stat.timeSinceDeath":515873,"stat.pickup.chococraft.lovely_gysahl_green":187,"stat.killEntity.Bat":1,"stat.craftItem.minetraps.nails":54,"stat.useItem.minecraft.potato":781,"stat.pickup.minecraft.nether_wart":2,"stat.killEntity.Wolf":1,"stat.mineBlock.minecraft.coal_ore":216,"stat.pickup.byg.purple_sand":8,"stat.pickup.minecraft.shield":1,"stat.talkedToVillager":429,"stat.drop.minecraft.baked_potato":115,"stat.mineBlock.minecraft.red_mushroom_block":1,"stat.drop.minecraft.spawn_egg":1,"stat.pickup.minecraft.string":202,"stat.mineBlock.byg.sonorancactus":7,"stat.useItem.minecraft.written_book":3,"stat.useItem.minecraft.diamond_shovel":446,"stat.pickup.minecraft.bone_block":43,"stat.mineBlock.minecraft.diamond_ore":178,"stat.craftItem.chococraft.chocobo_saddle":3,"tombstone:use_vanishing":2,"arisaur.learn":1,"stat.mineBlock.byg.light_blue_sand":15,"stat.pickup.minecraft.snowball":224,"stat.craftItem.securitycraft.scanner_door_item":5,"stat.diveOneCm":1236860,"stat.pickup.securitycraft.reinforced_grass":88,"stat.mineBlock.extrautils2.resonator":1,"stat.useItem.minecraft.rotten_flesh":5,"stat.drop.minecraft.apple":1,"stat.craftItem.zawa.animal_net":5,"stat.jump":53786,"stat.useItem.minecraft.sand":68,"stat.useItem.chisel.blockplatinum":196,"stat.pickup.minetraps.quicksand":6,"stat.pickup.extrautils2.indexer":4,"stat.craftItem.minecraft.torch":156,"stat.craftItem.comforts.sleeping_bag":1,"stat.useItem.minecraft.glass":185,"stat.pickup.minecraft.gold_ore":148,"reaper.kill":1,"stat.mineBlock.minecraft.glass_pane":27,"stat.damageTaken":71272,"stat.mineBlock.byg.strawberrybush":1,"stat.pickup.minecraft.log2":4,"stat.craftItem.securitycraft.keypad_frame":1,"stat.pickup.minecraft.bed":14,"stat.pickup.minecraft.concrete":64,"stat.pickup.minecraft.quartz_block":7,"stat.pickup.minecraft.potato":2157,"stat.useItem.forge.bucketfilled":24,"stat.pickup.ironfurnaces.iron_furnace_idle":1,"stat.entityKilledBy.Zombie":7,"cephignis.learn":1,"stat.killEntity.Silverfish":56,"stat.craftItem.minecraft.stone_slab":48,"stat.useItem.minecraft.air":10784,"stat.craftItem.securitycraft.universal_block_reinforcer_lvl1":7,"stat.animalsBred":31,"stat.useItem.minecraft.chest":8,"shambler.learn":1,"yale.learn":1,"stat.pickup.chisel.factory":1,"stat.killEntity.betteranimalsplus.feralwolf":4,"stat.useItem.mowziesmobs.naga_fang_dagger":17,"epion.kill":1,"stat.pickup.wolfarmor.diamond_wolf_armor":2,"stat.craftItem.minecraft.iron_chestplate":3,"stat.pickup.minecraft.baked_potato":2035,"stat.pickup.caves_and_cliffs.copper_ore":3,"stat.drop.minecraft.potato":1,"stat.pickup.minecraft.ender_pearl":21,"stat.useItem.minecraft.netherrack":7,"stat.craftItem.minecraft.stained_glass_pane":176,"stat.mineBlock.minecraft.tnt":34,"stat.mineBlock.minecraft.stonebrick":84,"stat.craftItem.minecraft.shears":3,"stat.drop.props.props":1,"stat.pickup.securitycraft.reinforced_stone_button":9,"stat.mineBlock.byg.glowshroomstemyellow":4,"stat.pickup.props.props":10,"stat.mineBlock.byg.thorn_branches":3,"stat.pickup.minecraft.torch":666,"stat.entityKilledBy.Silverfish":3,"stat.drop.minecraft.quartz_block":1,"stat.useItem.extrautils2.minichest":1,"stat.drop.minecraft.arrow":4,"stat.pickup.securitycraft.reinforced_gravel":1,"stat.pickup.betteranimalsplus.antler":4,"stat.pickup.minecraft.record_stal":4,"stat.craftItem.minecraft.iron_axe":4,"stat.pickup.minecraft.lapis_block":1,"stat.drop.securitycraft.reinforced_planks":1,"stat.drop.betteranimalsplus.goose_egg":5,"stat.pickup.minecraft.fishing_rod":1,"stat.useItem.minecraft.planks":900,"stat.useItem.tombstone.familiar_stone":2,"stat.drop.dynamictrees.birchseed":4,"stat.pickup.minecraft.porkchop":362,"stat.pickup.minecraft.glass":136,"stat.pickup.byg.light_blue_sand":153,"stat.useItem.minecraft.water_bucket":111,"stat.craftItem.minecraft.golden_apple":5,"stat.pickup.minecraft.sand":941,"stat.entityKilledBy.Spider":1,"darkling.learn":1,"stat.pickup.minecraft.name_tag":3,"stat.drop.minecraft.splash_potion":1,"stat.pickup.byg.iris":4,"stat.drop.minecraft.jukebox":1,"stat.pickup.dynamictrees.spruceseed":11,"stat.useItem.minecraft.ender_pearl":7,"stat.craftItem.extrautils2.resonator":1,"stat.mineBlock.byg.scoria":16,"stat.useItem.securitycraft.universal_owner_changer":33,"stat.craftItem.minecraft.cooked_fish":41,"stat.craftItem.minecraft.blaze_powder":6,"stat.useItem.securitycraft.reinforced_cobblestone":3,"stat.drop.minecraft.golden_sword":1,"stat.useItem.minecraft.spawn_egg":99,"stat.craftItem.securitycraft.reinforced_stone_button":4,"stat.pickup.minetraps.fall_trap":15,"stat.useItem.minecraft.oak_stairs":8,"stat.mineBlock.minecraft.dark_oak_stairs":31,"stat.useItem.minecraft.dark_oak_stairs":119,"stat.mineBlock.minecraft.birch_stairs":2,"stat.pickup.minecraft.fence_gate":2,"stat.pickup.minecraft.filled_map":1,"stat.pickup.minecraft.furnace":18,"stat.pickup.securitycraft.universal_owner_changer":2,"stat.pickup.minecraft.iron_chestplate":12,"stat.pickup.minecraft.end_rod":1,"stat.pickup.minecraft.skull":5,"stat.useItem.minecraft.stone_stairs":228,"stat.pickup.tombstone.magic_scroll":51,"stat.mineBlock.chococraft.chocobo_egg":3,"cacodemon.learn":1,"stat.killEntity.betteranimalsplus.tarantula":1,"stat.craftItem.ironchest.iron_chest":33,"stat.useItem.extrautils2.indexerremote":6,"stat.pickup.byg.thornblock":1,"stat.craftItem.minecraft.heavy_weighted_pressure_plate":10,"stat.mineBlock.minecraft.oak_stairs":2,"stat.playOneMinute":5259867,"stat.pickup.byg.jacarandalog":2,"stat.drop.securitycraft.universal_block_reinforcer_lvl1":1,"stat.pickup.minecraft.diamond_block":3,"stat.pickup.minecraft.iron_bars":145,"stat.mineBlock.minecraft.netherrack":77,"stat.craftItem.minecraft.dark_oak_stairs":92,"stat.pickup.betteranimalsplus.venisonraw":2,"stat.pickup.vending.vendingmachineadvanced":65,"stat.pickup.minecraft.cooked_chicken":7,"stat.fallOneCm":1358706,"stat.craftItem.securitycraft.diamond_mine":1,"stat.craftItem.minecraft.chest":30,"stat.pickup.minecraft.red_mushroom":11,"stat.useItem.minecraft.iron_hoe":153,"stat.useItem.chisel.blockcobalt":126,"stat.pickup.chococraft.chocobo_egg":4,"stat.pickup.minecraft.feather":12,"stat.useItem.securitycraft.reinforced_dirt":222,"stat.pickup.minecraft.record_cat":27,"stat.craftItem.dynamictrees.dirtbucket":4,"stat.mineBlock.extrautils2.indexer":4,"stat.craftItem.mca.rose_gold_ingot":49,"stat.useItem.minecraft.stone_pickaxe":1956,"stat.craftItem.minecraft.iron_leggings":5,"stat.craftItem.minecraft.oak_stairs":12,"stat.pickup.securitycraft.scanner_door_item":7,"stat.craftItem.securitycraft.dirt_mine":11,"stat.pickup.securitycraft.dirt_mine":3,"stat.pickup.minecraft.record_13":1,"stat.useItem.minecraft.iron_bars":2,"stat.mineBlock.minecraft.monster_egg":20,"stat.mineBlock.minecraft.quartz_stairs":2,"stat.pickup.minetraps.nails":3,"stat.drop.tombstone.crafting_ingredient":6,"stat.pickup.mowziesmobs.ice_crystal":8,"stat.pickup.zawa.mixed_stone_mossy":4,"stat.useItem.extrautils2.grocket":1,"stat.useItem.ironchest.iron_chest":40,"stat.drop.ironchest.iron_chest":1,"stat.killEntity.LavaSlime":2,"stat.pickup.minecraft.log":966,"salamander.learn":1,"stat.useItem.betteranimalsplus.boarhead_1":1,"stat.pickup.minecraft.chainmail_leggings":4,"stat.drop.mowziesmobs.ice_crystal":4,"stat.pickup.minecraft.wooden_door":2,"stat.mineBlock.minecraft.iron_block":2,"stat.pickup.zawa.data_book":1,"stat.craftItem.minecraft.snow":44,"stat.pickup.minecraft.diamond_helmet":12,"stat.drop.securitycraft.universal_block_remover":3,"stat.useItem.securitycraft.cobblestone_mine":3,"stat.sneakTime":252475,"stat.mineBlock.minecraft.cobblestone_wall":6,"stat.drop.zawa.tiger_fur":1,"stat.mineBlock.minecraft.jukebox":1,"stat.pickup.minecraft.chest":20,"stat.mineBlock.minetraps.fall_trap":2,"stat.pickup.dynamictrees.acaciaseed":3,"nymph.learn":1,"stat.swimOneCm":675489,"stat.craftItem.mca.engagement_ring_rg":1,"stat.craftItem.securitycraft.mine":18,"stat.killEntity.mimic":1,"stat.mineBlock.minetraps.bear_trap":3,"stat.pickup.chococraft.chocobo_drumstick_raw":1,"stat.useItem.minecraft.dirt":1922,"stat.killEntity.betteranimalsplus.boar":23,"stat.pickup.betteranimalsplus.foxhead_4":1,"stat.pickup.zawa.carnivore_meat_raw":2,"stat.drop.minecraft.ender_pearl":1,"stat.mineBlock.minecraft.magma":4,"stat.pickup.minecraft.quartz_stairs":3,"stat.mineBlock.minecraft.carpet":1,"stat.drop.chisel.chisel_iron":1,"stat.useItem.minecraft.stone_shovel":750,"stat.mineBlock.chisel.limestone2":551,"stat.drop.zawa.cetacean_meat_raw":5,"stat.pickup.minecraft.clay":2,"stat.pickup.minecraft.glass_bottle":102,"stat.useItem.connectedglass.borderless_glass":2,"stat.pickup.animania.entity_egg_random":1,"stat.useItem.chisel.limestone2":335,"stat.useItem.securitycraft.reinforced_planks":6,"stat.useItem.minecraft.red_mushroom":1,"stat.drop.minecraft.wheat_seeds":3,"stat.mineBlock.zawa.mixed_stone_mossy":1,"stat.craftItem.minecraft.wooden_slab":156,"stat.useItem.minecraft.sign":7,"stat.drop.minecraft.log":9,"stat.pickup.minecraft.mutton":18,"stat.pickup.minecraft.stonebrick":252,"stat.craftItem.securitycraft.gold_mine":2,"stat.mineBlock.minecraft.nether_brick":3,"stat.pickup.techguns.t1_combat_helmet":1,"stat.pickup.lteleporters.endercrystal":1,"stat.useItem.biomesoplenty.blue_fire":1,"stat.useItem.minecraft.stone_slab":37,"stat.pickup.minecraft.speckled_melon":11,"stat.craftItem.minecraft.stone":348,"stat.mineBlock.minecraft.crafting_table":16,"stat.useItem.minecraft.diamond_pickaxe":2290,"stat.mineBlock.minecraft.quartz_block":2,"stat.useItem.minecraft.carrot":146,"stat.pickup.securitycraft.mine":8,"stat.pickup.minecraft.slime_ball":1,"stat.craftItem.minecraft.diamond_pickaxe":2,"stat.craftItem.securitycraft.retinal_scanner":5,"stat.craftItem.minecraft.jukebox":1,"stat.pickup.minecraft.gravel":113,"stat.craftItem.byg.cherryplanks":4,"stat.useItem.minecraft.stained_glass_pane":171,"stat.pickup.minecraft.stone_brick_stairs":2,"stat.pickup.minecraft.diamond_sword":5,"stat.pickup.byg.soapstone":54,"stat.pickup.minecraft.iron_helmet":28,"stat.pickup.minecraft.spider_eye":29,"stat.pickup.minecraft.experience_bottle":5,"stat.pickup.minecraft.diamond_ore":1,"stat.pickup.byg.purplesage":6,"stat.useItem.minecraft.cooked_chicken":34,"stat.pickup.minecraft.iron_ore":678,"stat.mineBlock.mca.rose_gold_ore":50,"stat.mineBlock.minecraft.iron_bars":12,"stat.drop.zawa.worm":12,"stat.pickup.minecraft.leather":195,"stat.drop.minecraft.iron_hoe":1,"stat.dispenserInspected":1,"stat.pickup.minecraft.reeds":22,"stat.pickup.minecraft.prismarine_crystals":212,"stat.useItem.customnpcs.npcwand":40,"tombstone:undead_killed":623,"stat.craftItem.securitycraft.universal_block_modifier":1,"stat.craftItem.minecraft.glass":595,"stat.sleepInBed":191,"stat.craftItem.minecraft.baked_potato":1208,"stat.killEntity.Cow":35,"stat.killEntity.Pig":52,"stat.craftItem.minecraft.iron_sword":11,"stat.pickup.zawa.rat_raw":1,"stat.walkOneCm":9487391,"stat.playerKills":11,"stat.pickup.minecraft.clay_ball":37,"stat.pickup.byg.pinesapling":24,"stat.craftItem.elevatorid.elevator_white":3,"stat.pickup.securitycraft.reinforced_stone_brick":1,"stat.pickup.extrautils2.minichest":10,"stat.mineBlock.chisel.basalt2":61,"reiver.learn":1,"stat.mineBlock.zawa.golden_sparks":2,"stat.pickup.minecraft.tnt":47,"stat.pickup.minecraft.stone":1205,"stat.pickup.biomesoplenty.fleshchunk":6,"stat.craftItem.securitycraft.cobblestone_mine":7,"stat.mineBlock.minecraft.wool":2,"stat.drop.securitycraft.keypad":1,"stat.craftItem.minecraft.hay_block":6,"stat.mineBlock.minecraft.packed_ice":9,"stat.pickup.minecraft.gold_ingot":48,"stat.drop.chococraft.gysahl_green_seeds":2,"stat.useItem.minecraft.prismarine":20,"stat.killEntity.Skeleton":129,"stat.mineBlock.minecraft.cactus":3,"stat.mineBlock.minecraft.redstone_torch":10,"stat.killEntity.Spider":43,"stat.pickup.minecraft.bread":1,"stat.pickup.minecraft.quartz":3,"stat.pickup.minecraft.water_bucket":4,"stat.mineBlock.minecraft.redstone_ore":1,"stat.craftItem.minetraps.nail_trap":1,"stat.useItem.chisel.factory":154,"stat.craftItem.minecraft.coal_block":1,"stat.useItem.connectedglass.clear_glass_pane":14,"stat.mineBlock.minecraft.stone":6152}