{"stat.pickup.minecraft.wooden_slab":2,"stat.pickup.terraqueous.flowers_single":63,"stat.leaveGame":13,"stat.killEntity.betteranimalsplus.goat":1,"stat.pickup.betteranimalsplus.goose_egg":1,"stat.pickup.tombstone.familiar_stone":1,"stat.craftItem.minecraft.ender_eye":1,"stat.mineBlock.minecraft.stained_glass":6,"stat.pickup.zawa.worm":28,"stat.craftItem.minecraft.shield":1,"stat.mineBlock.minetraps.nail_trap":3,"stat.drop.minecraft.feather":2,"stat.drop.minecraft.iron_sword":3,"stat.pickup.minecraft.rotten_flesh":45,"stat.drop.twilightforest.magic_map":1,"stat.useItem.chisel.marble":15,"stat.killEntity.Enderman":3,"stat.useItem.twilightforest.seeker_bow":15,"stat.mineBlock.minecraft.wooden_slab":2,"stat.pickup.zawa.reptile_hide":1,"stat.killEntity.betteranimalsplus.brownbear":2,"stat.craftItem.minecraft.iron_shovel":3,"stat.pickup.minecraft.brown_mushroom":1,"stat.killEntity.twilightforest.goblin_knight_lower":1,"stat.killEntity.Witch":1,"stat.useItem.minecraft.iron_pickaxe":1164,"stat.craftItem.minecraft.iron_door":3,"stat.useItem.minecraft.iron_shovel":482,"stat.pickup.minecraft.double_plant":14,"stat.craftItem.minecraft.glass_pane":16,"stat.mineBlock.chisel.marble2":322,"stat.mineBlock.minecraft.vine":2,"stat.mineBlock.chisel.marble1":23,"stat.furnaceInteraction":326,"stat.killEntity.ZombieVillager":2,"stat.drop.twilightforest.mangrove_planks":1,"stat.useItem.minecraft.stained_glass":4,"stat.pickup.mca.rose_gold_ore":49,"stat.mineBlock.twilightforest.naga_stone":4,"stat.useItem.minecraft.flint_and_steel":8,"stat.killEntity.betteranimalsplus.zotzpyre":1,"stat.pickup.minecraft.emerald":8,"stat.pickup.minetraps.bear_trap":3,"stat.craftItem.securitycraft.laser_block":2,"stat.pickup.dynamictrees.oakseed":117,"stat.deaths":5,"stat.pickup.securitycraft.reinforced_dirt":12,"stat.craftItem.minecraft.iron_pickaxe":8,"stat.drop.terraqueous.doodads":68,"stat.craftItem.craftingstation.crafting_station":1,"stat.pickup.twilightforest.armor_shard":1,"stat.pickup.zawa.care_guide":1,"stat.drop.minecraft.iron_ingot":1,"stat.pickup.chisel.marble1":23,"stat.pickup.chisel.marble2":322,"stat.mineBlock.minecraft.tallgrass":27,"stat.chestOpened":138,"stat.craftItem.twilightforest.magic_map_empty":1,"stat.useItem.minecraft.stone":15,"stat.pickup.minecraft.arrow":35,"stat.pickup.minecraft.iron_sword":3,"stat.killEntity.twilightforest.yeti":3,"stat.pickup.minecraft.gold_nugget":3,"stat.craftItem.minecraft.coal":18,"stat.pickup.chisel.basalt2":7,"stat.pickup.betteranimalsplus.bear_skin_brown":2,"stat.pickup.minecraft.carrot":1,"stat.crouchOneCm":111759,"stat.mineBlock.minecraft.chest":1,"stat.craftItem.minecraft.iron_ingot":177,"stat.pickup.minecraft.painting":36,"stat.pickup.craftingstation.crafting_station":4,"stat.craftingTableInteraction":139,"stat.useItem.chisel.marble1":71,"stat.useItem.chisel.marble2":327,"stat.pickup.zawa.ostritch_fern":2,"stat.pickup.twilightforest.firefly_jar":2,"stat.pickup.minecraft.dye":256,"stat.pickup.minecraft.planks":53,"stat.pickup.chisel.limestone2":67,"stat.pickup.minecraft.wheat_seeds":10,"stat.useItem.mowziesmobs.wrought_axe":8,"stat.mineBlock.minecraft.dirt":416,"stat.craftItem.twilightforest.magic_map_focus":1,"stat.drop.minecraft.rotten_flesh":2,"stat.useItem.minecraft.cobblestone":648,"stat.pickup.minecraft.magma":2,"stat.mineBlock.minecraft.double_plant":12,"stat.useItem.dynamictrees.oakseed":37,"stat.pickup.securitycraft.reinforced_stone":3,"stat.useItem.minecraft.yellow_flower":25,"stat.craftItem.minecraft.gold_ingot":43,"stat.craftItem.chisel.chisel_iron":2,"stat.pickup.minecraft.apple":6,"stat.mineBlock.twilightforest.twilight_leaves":2,"stat.craftItem.securitycraft.door_indestructible_iron_item":2,"stat.drop.minecraft.fish":2,"stat.useItem.minecraft.iron_sword":380,"stat.craftItem.minecraft.planks":408,"stat.useItem.betteranimalsplus.goose_egg":1,"stat.pickup.minecraft.book":90,"stat.useItem.minecraft.stonebrick":1,"stat.mineBlock.minecraft.log":1,"stat.pickup.twilightforest.trans_fence":1,"stat.pickup.minecraft.red_flower":6,"stat.mineBlock.chisel.marblepillar":1,"stat.useItem.twilightforest.twilight_log":1,"stat.useItem.terraqueous.planks":12,"stat.useItem.minecraft.iron_axe":172,"stat.mineBlock.minecraft.cobblestone":66,"stat.mineBlock.minecraft.pumpkin":11,"stat.pickup.minecraft.flint":1,"stat.pickup.twilightforest.mangrove_planks":2,"stat.mineBlock.minecraft.yellow_flower":27,"stat.craftItem.tombstone.grave_key":4,"stat.pickup.minecraft.flower_pot":1,"stat.pickup.terraqueous.sapling":4,"stat.mineBlock.minecraft.stained_glass_pane":56,"stat.pickup.minecraft.enchanted_book":1,"stat.drop.minecraft.cobblestone":13,"stat.pickup.minecraft.cooked_porkchop":5,"stat.pickup.betteranimalsplus.wolf_pelt_red":3,"stat.pickup.minecraft.bow":1,"stat.craftItem.minecraft.furnace":8,"stat.mineBlock.zawa.ostritch_fern":2,"stat.flyOneCm":1940844,"stat.pickup.minecraft.fish":3,"stat.craftItem.minecraft.stained_glass":72,"stat.timeSinceDeath":11811,"stat.mineBlock.terraqueous.flowers_cluster":27,"stat.drop.minecraft.spider_eye":1,"stat.useItem.minecraft.wooden_slab":154,"stat.killEntity.Bat":1,"stat.craftItem.minecraft.stonebrick":4,"stat.mineBlock.twilightforest.firefly_jar":1,"stat.craftItem.minetraps.nails":27,"stat.pickup.twilightforest.naga_scale":2,"stat.mineBlock.minecraft.coal_ore":108,"stat.killEntity.Creeper":13,"stat.talkedToVillager":3,"stat.pickup.minecraft.string":2,"stat.pickup.comforts.sleeping_bag":9,"stat.pickup.tombstone.crafting_ingredient":20,"stat.entityKilledBy.Skeleton":2,"stat.pickup.minecraft.birch_stairs":2,"stat.useItem.minecraft.written_book":3,"stat.sprintOneCm":1836570,"stat.useItem.minetraps.fall_trap":9,"stat.craftItem.trashcans.item_trash_can":1,"stat.mineBlock.minecraft.stone_slab":1,"stat.killEntity.twilightforest.maze_slime":2,"stat.mineBlock.minecraft.diamond_ore":26,"stat.pickup.minecraft.sugar":2,"stat.drop.terraqueous.item_main":6,"stat.pickup.minecraft.iron_block":2,"stat.killEntity.Zombie":87,"stat.craftItem.minecraft.dye":38,"stat.craftItem.securitycraft.scanner_door_item":1,"stat.mineBlock.minecraft.gold_ore":47,"stat.diveOneCm":66875,"stat.pickup.securitycraft.reinforced_grass":1,"stat.pickup.minecraft.wheat":5,"stat.jump":6133,"stat.pickup.minecraft.coal":102,"stat.pickup.minecraft.iron_ingot":82,"stat.pickup.minetraps.quicksand":4,"stat.craftItem.securitycraft.iron_mine":1,"stat.drop.minecraft.diamond_sword":2,"stat.pickup.minecraft.gunpowder":30,"stat.craftItem.minecraft.torch":36,"stat.pickup.minecraft.dirt":982,"stat.drop.minecraft.iron_shovel":1,"stat.craftItem.comforts.sleeping_bag":1,"stat.pickup.minecraft.gold_ore":56,"stat.mineBlock.minecraft.lapis_ore":42,"stat.killEntity.camocreepers:CamoCreeper":12,"stat.damageTaken":8312,"stat.mineBlock.minetraps.quicksand":4,"stat.mineBlock.minecraft.red_flower":3,"stat.mineBlock.minecraft.torch":93,"stat.pickup.minecraft.written_book":9,"stat.pickup.minecraft.potato":2,"stat.entityKilledBy.Zombie":1,"stat.killEntity.Silverfish":9,"stat.useItem.minecraft.air":1610,"stat.craftItem.securitycraft.universal_block_reinforcer_lvl1":2,"stat.useItem.minecraft.chest":2,"stat.pickup.twilightforest.naga_stone":3,"stat.pickup.twilightforest.minotaur_axe_gold":1,"stat.killEntity.betteranimalsplus.feralwolf":4,"stat.pickup.twilightforest.mine_slab":2,"stat.useItem.minecraft.lava_bucket":177,"stat.mineBlock.terraqueous.planks":3,"stat.useItem.tombstone.gift":2,"stat.pickup.minecraft.baked_potato":27,"stat.drop.terraqueous.flowers_single":7,"stat.pickup.minecraft.ender_pearl":4,"stat.craftItem.minecraft.stained_glass_pane":176,"stat.mineBlock.minecraft.stonebrick":12,"stat.mobKills":246,"stat.mineBlock.minecraft.bookshelf":30,"stat.pickup.securitycraft.reinforced_stone_button":8,"stat.drop.minecraft.written_book":3,"stat.pickup.minecraft.diamond":30,"stat.pickup.minecraft.torch":148,"stat.mineBlock.twilightforest.etched_nagastone_mossy":1,"stat.drop.minecraft.arrow":2,"stat.craftItem.minecraft.iron_axe":2,"stat.mineBlock.twilightforest.twilight_plant":5,"stat.pickup.minecraft.lapis_block":1,"stat.useItem.minecraft.planks":217,"stat.pickup.minecraft.glowstone_dust":2,"stat.drop.dynamictrees.birchseed":4,"stat.useItem.terraqueous.doodads":2263,"stat.craftItem.terraqueous.planks":20,"stat.useItem.minecraft.water_bucket":21,"stat.mineBlock.minecraft.stone_brick_stairs":1,"stat.craftItem.minecraft.golden_apple":5,"stat.pickup.minecraft.sand":110,"stat.pickup.twilightforest.lifedrain_scepter":1,"stat.mineBlock.twilightforest.twilight_log":1,"stat.mineBlock.minecraft.sand":113,"stat.killEntity.twilightforest.kobold":8,"stat.craftItem.minecraft.blaze_powder":2,"stat.drop.minecraft.diamond":5,"stat.useItem.minecraft.spawn_egg":54,"stat.craftItem.securitycraft.reinforced_stone_button":4,"stat.mineBlock.terraqueous.doodads":16,"stat.killEntity.twilightforest.skeleton_druid":8,"stat.trappedChestTriggered":23,"stat.pickup.minetraps.fall_trap":1,"stat.useItem.minecraft.oak_stairs":8,"stat.mineBlock.minecraft.lapis_block":1,"stat.mineBlock.minecraft.birch_stairs":2,"stat.pickup.minecraft.furnace":8,"stat.pickup.minecraft.skull":1,"stat.pickup.tombstone.magic_scroll":4,"stat.mineBlock.terraqueous.flowers_single":3,"stat.pickup.twilightforest.arctic_fur":5,"stat.pickup.twilightforest.raven_feather":1,"stat.killEntity.betteranimalsplus.tarantula":1,"stat.pickup.twilightforest.raw_meef":2,"stat.craftItem.minecraft.heavy_weighted_pressure_plate":4,"stat.playOneMinute":795124,"stat.craftItem.securitycraft.keypad_item":2,"stat.drop.minecraft.chest":1,"stat.pickup.terraqueous.planks":3,"stat.pickup.minecraft.pumpkin":11,"stat.killEntity.twilightforest.death_tome":1,"stat.pickup.chisel.marblepillar":1,"stat.pickup.minecraft.cooked_chicken":7,"stat.useItem.minecraft.experience_bottle":128,"stat.fallOneCm":105011,"stat.drop.minecraft.stone":1,"stat.drop.minecraft.gold_ore":1,"stat.craftItem.minecraft.chest":7,"stat.craftItem.minetraps.fall_trap":15,"stat.pickup.minecraft.feather":6,"stat.useItem.securitycraft.reinforced_dirt":217,"stat.pickup.minecraft.record_cat":1,"stat.useItem.minecraft.furnace":14,"stat.craftItem.mca.rose_gold_ingot":49,"stat.mineBlock.minecraft.gravel":12,"stat.useItem.minecraft.stone_pickaxe":1562,"stat.craftItem.minecraft.iron_leggings":1,"stat.pickup.twilightforest.mine_stairs":1,"stat.craftItem.minecraft.oak_stairs":12,"stat.drop.terraqueous.multifood":3,"stat.pickup.twilightforest.trophy":2,"stat.mineBlock.minecraft.monster_egg":7,"stat.useItem.minecraft.torch":202,"stat.craftItem.minecraft.redstone_block":2,"stat.pickup.terraqueous.multifood":34,"stat.pickup.minecraft.crafting_table":6,"stat.craftItem.minecraft.crafting_table":2,"stat.mineBlock.minecraft.emerald_ore":8,"stat.pickup.minecraft.log":279,"stat.craftItem.minecraft.stone_button":8,"stat.drop.minecraft.planks":1,"stat.pickup.minecraft.sapling":1,"stat.mineBlock.minecraft.iron_block":2,"stat.pickup.minecraft.golden_sword":1,"stat.mineBlock.terraqueous.trunk1":5,"stat.sneakTime":39430,"stat.mineBlock.minecraft.cobblestone_wall":1,"stat.drop.minecraft.bucket":1,"stat.useItem.minecraft.baked_potato":66,"stat.pickup.minecraft.yellow_flower":29,"stat.pickup.minecraft.chest":2,"stat.mineBlock.minetraps.fall_trap":2,"stat.killEntity.twilightforest.lich":1,"stat.pickup.minecraft.bone":42,"stat.mineBlock.minecraft.brown_mushroom":1,"stat.useItem.minecraft.diamond_sword":352,"stat.pickup.terraqueous.doodads":461,"stat.swimOneCm":89379,"stat.climbOneCm":13690,"stat.craftItem.securitycraft.mine":3,"stat.mineBlock.minetraps.bear_trap":3,"stat.useItem.minecraft.dirt":874,"stat.pickup.twilightforest.magic_map":1,"stat.killEntity.twilightforest.firefly":1,"stat.pickup.zawa.bird_meat":1,"stat.useItem.twilightforest.naga_stone":2,"stat.pickup.zawa.carnivore_meat_raw":2,"stat.pickup.minecraft.anvil":2,"stat.craftItem.minecraft.stone_pickaxe":12,"stat.mineBlock.minecraft.magma":2,"stat.killEntity.ed_guard":3,"stat.pickup.minecraft.cobblestone":1362,"stat.mineBlock.minecraft.carpet":1,"stat.useItem.minecraft.stone_shovel":533,"stat.mineBlock.chisel.limestone2":68,"stat.pickup.minetraps.nail_trap":3,"stat.useItem.chisel.limestone2":11,"stat.drop.minecraft.wheat_seeds":1,"stat.craftItem.minecraft.wooden_slab":156,"stat.pickup.minecraft.redstone":310,"stat.mineBlock.minecraft.iron_ore":189,"stat.pickup.minecraft.mutton":1,"stat.pickup.minecraft.stonebrick":6,"stat.pickup.minecraft.iron_shovel":1,"stat.pickup.minecraft.carpet":1,"stat.mineBlock.minecraft.grass":556,"stat.pickup.minecraft.paper":3,"stat.craftItem.minecraft.stick":80,"stat.pickup.twilightforest.charm_of_keeping_1":1,"stat.pickup.minecraft.speckled_melon":11,"stat.craftItem.minecraft.stone":40,"stat.pickup.minecraft.grass":2,"stat.mineBlock.minecraft.crafting_table":7,"stat.useItem.minecraft.diamond_pickaxe":3,"stat.pickup.terraqueous.trunk1":5,"stat.mineBlock.minecraft.planks":27,"stat.drop":71,"stat.pickup.twilightforest.dark_slab":1,"stat.pickup.minecraft.slime_ball":1,"stat.craftItem.securitycraft.retinal_scanner":1,"stat.mineBlock.terraqueous.foliage3":63,"stat.mineBlock.terraqueous.foliage1":10,"stat.mineBlock.terraqueous.foliage2":1,"stat.pickup.minecraft.gravel":35,"stat.mineBlock.minecraft.anvil":2,"stat.useItem.minetraps.quicksand":1,"stat.pickup.twilightforest.torchberries":19,"stat.useItem.minecraft.stained_glass_pane":171,"stat.pickup.minecraft.diamond_sword":2,"stat.craftItem.terraqueous.doodads":22,"stat.pickup.minecraft.spider_eye":2,"stat.mineBlock.craftingstation.crafting_station":4,"stat.useItem.minecraft.cooked_chicken":26,"stat.pickup.minecraft.iron_ore":189,"stat.mineBlock.mca.rose_gold_ore":50,"stat.mineBlock.chisel.glasspanedyedcyan":24,"stat.mineBlock.minecraft.stone_stairs":1,"stat.pickup.minecraft.leather":2,"stat.mineBlock.minecraft.furnace":8,"stat.dispenserInspected":1,"stat.drop.minecraft.water_bucket":1,"stat.killEntity.twilightforest.minotaur":2,"stat.pickup.minecraft.reeds":2,"tombstone:undead_killed":145,"stat.useItem.tombstone.grave_key":2,"stat.craftItem.minetraps.bear_trap":2,"stat.pickup.minecraft.stained_glass":8,"stat.damageDealt":45285,"stat.craftItem.minecraft.glass":86,"stat.sleepInBed":30,"stat.pickup.twilightforest.twilight_log":3,"stat.craftItem.minecraft.iron_sword":1,"stat.craftItem.minecraft.stone_shovel":4,"stat.walkOneCm":1782487,"stat.pickup.dynamictrees.birchseed":9,"stat.pickup.minecraft.stick":389,"stat.mineBlock.chisel.basalt2":11,"stat.pickup.terraqueous.item_main":143,"stat.pickup.minecraft.stone":332,"stat.useItem.minecraft.prismarine":20,"stat.killEntity.Skeleton":44,"stat.killEntity.Spider":9,"stat.pickup.minecraft.water_bucket":3,"stat.mineBlock.minecraft.leaves":38,"stat.mineBlock.minecraft.redstone_ore":1,"stat.craftItem.minetraps.nail_trap":1,"stat.mineBlock.minecraft.stone":1600}